gsis_id,player,position,team,year_signed,years,fa_year,apy,total_value,total_guaranteed,guarantee_pct,draft_round,draft_overall,draft_year,inflated_apy
00-0026158,Joe Flacco,QB,Bengals,2026,1.0,2027.0,6000000.0,6000000.0,4000000.0,0.6666666666666666,1.0,18.0,2008.0,6.0
00-0026300,Josh Johnson,QB,Bengals,2026,1.0,2027.0,1500000.0,1500000.0,200000.0,0.13333333333333333,5.0,160.0,2008.0,1.5
00-0026498,Matt Stafford,QB,Rams,2025,2.0,2027.0,40000000.0,80000000.0,40000000.0,0.5,1.0,1.0,2009.0,43.151862
00-0027973,Andy Dalton,QB,PHI/CAR,2026,1.0,2027.0,3500000.0,3500000.0,3500000.0,1.0,2.0,35.0,2011.0,3.5
00-0028986,Case Keenum,QB,Bears,2026,2.0,2028.0,2750000.0,5500000.0,2900000.0,0.5272727272727272,,,2012.0,2.75
00-0030506,Travis Kelce,TE,Chiefs,2026,1.0,2027.0,12000000.0,12000000.0,12000000.0,1.0,3.0,63.0,2013.0,12.0
00-0030565,Geno Smith,QB,Jets,2026,1.0,2027.0,3300000.0,3300000.0,3300000.0,1.0,2.0,39.0,2013.0,3.3
00-0031381,Davante Adams,WR,Rams,2025,2.0,2027.0,22000000.0,44000000.0,26000000.0,0.5909090909090909,2.0,53.0,2014.0,23.733524
00-0031408,Mike Evans,WR,49ers,2026,3.0,2029.0,14166667.0,42500000.0,14300000.0,0.33647058823529413,1.0,7.0,2014.0,14.166667
00-0031484,Chris Manhertz,TE,Giants,2026,1.0,2027.0,1487500.0,1487500.0,262500.0,0.17647058823529413,,,2014.0,1.4875
00-0031503,Jameis Winston,QB,Giants,2025,2.0,2027.0,4000000.0,8000000.0,5250000.0,0.65625,1.0,1.0,2015.0,4.315186
00-0032208,Phillip Dorsett,WR,Raiders,2026,1.0,2027.0,1300000.0,1300000.0,0.0,0.0,1.0,29.0,2015.0,1.3
00-0032268,Marcus Mariota,QB,Commanders,2026,1.0,2027.0,7000000.0,7000000.0,6390000.0,0.9128571428571428,1.0,2.0,2015.0,7.0
00-0032392,Austin Hooper,TE,Falcons,2026,1.0,2027.0,3250000.0,3250000.0,2740000.0,0.8430769230769232,3.0,81.0,2016.0,3.25
00-0032464,Kalif Raymond,WR,Bears,2026,1.0,2027.0,3500000.0,3500000.0,3000000.0,0.8571428571428571,,,2016.0,3.5
00-0032764,Derrick Henry,RB,Ravens,2025,2.0,2027.0,15000000.0,30000000.0,25000000.0,0.8333333333333334,2.0,45.0,2016.0,16.181948
00-0032775,Demarcus Robinson,WR,49ers,2025,2.0,2027.0,4000000.0,8000000.0,6000000.0,0.75,4.0,126.0,2016.0,4.315186
00-0032950,Carson Wentz,QB,Vikings,2026,1.0,2027.0,3000000.0,3000000.0,2645000.0,0.8816666666666667,1.0,2.0,2016.0,3.0
00-0032951,Laquon Treadwell,WR,Colts,2026,1.0,2027.0,1487500.0,1487500.0,437500.0,0.29411764705882354,1.0,23.0,2016.0,1.4875
00-0033077,Dak Prescott,QB,Cowboys,2024,4.0,2028.0,60000000.0,240000000.0,129000000.0,0.5375,4.0,135.0,2016.0,70.759593
00-0033090,Hunter Henry,TE,Patriots,2024,3.0,2027.0,9000000.0,27000000.0,15800000.0,0.5851851851851853,2.0,35.0,2016.0,10.613939
00-0033106,Jared Goff,QB,Lions,2024,4.0,2028.0,53000000.0,212000000.0,113611832.0,0.5359048679245283,1.0,1.0,2016.0,62.504307
00-0033110,Tyler Higbee,TE,Rams,2026,2.0,2028.0,3000000.0,6000000.0,3400000.0,0.5666666666666667,4.0,110.0,2016.0,3.0
00-0033119,Jacoby Brissett,QB,Cardinals,2025,2.0,2027.0,6250000.0,12500000.0,6500000.0,0.52,3.0,91.0,2016.0,6.742479
00-0033217,Mo Alie-Cox,TE,Colts,2026,1.0,2027.0,2687500.0,2687500.0,2187500.0,0.813953488372093,,,2017.0,2.6875
00-0033246,Johnny Mundt,TE,Eagles,2026,1.0,2027.0,1500000.0,1500000.0,750000.0,0.5,,,2017.0,1.5
00-0033280,Christian McCaffrey,RB,49ers,2024,2.0,2026.0,19000000.0,38000000.0,24000000.0,0.631578947368421,1.0,8.0,2017.0,22.407204
00-0033288,George Kittle,TE,49ers,2025,4.0,2029.0,19100000.0,76400000.0,35000000.0,0.45811518324607325,5.0,146.0,2017.0,20.605014
00-0033293,Aaron Jones,RB,Vikings,2026,1.0,2027.0,5560000.0,5560000.0,5000000.0,0.8992805755395684,5.0,182.0,2017.0,5.56
00-0033307,Kendrick Bourne,WR,Cardinals,2026,2.0,2028.0,5000000.0,10000000.0,6500000.0,0.65,,,2017.0,5.0
00-0033319,Nick Mullens,QB,Jaguars,2025,2.0,2027.0,2250000.0,4500000.0,3000000.0,0.6666666666666666,,,2017.0,2.427292
00-0033526,Samaje Perine,RB,Bengals,2025,2.0,2027.0,1800000.0,3600000.0,400000.0,0.11111111111111112,4.0,114.0,2017.0,1.941834
00-0033537,Deshaun Watson,QB,Browns,2022,5.0,2027.0,46000000.0,230000000.0,230000000.0,1.0,1.0,12.0,2017.0,66.54755
00-0033553,James Conner,RB,Cardinals,2026,1.0,2027.0,3000000.0,3000000.0,2100000.0,0.7000000000000001,3.0,105.0,2017.0,3.0
00-0033555,Mack Hollins,WR,Patriots,2025,2.0,2027.0,4200000.0,8400000.0,3500000.0,0.41666666666666663,4.0,118.0,2017.0,4.530946
00-0033576,Eric Saubert,TE,Seahawks,2025,1.0,2026.0,2500000.0,2500000.0,788888.0,0.31555520000000004,5.0,174.0,2017.0,2.696991
00-0033589,David Moore,WR,Panthers,2026,1.0,2027.0,1487500.0,1487500.0,0.0,0.0,7.0,226.0,2017.0,1.4875
00-0033869,Mitchell Trubisky,QB,Titans,2026,2.0,2028.0,5250000.0,10500000.0,6825000.0,0.65,1.0,2.0,2017.0,5.25
00-0033873,Patrick Mahomes,QB,Chiefs,2020,10.0,2030.0,45000000.0,450000000.0,63081905.0,0.14018201111111112,1.0,10.0,2017.0,68.385469
00-0033881,Evan Engram,TE,Broncos,2025,2.0,2027.0,11500000.0,23000000.0,16500000.0,0.717391304347826,1.0,23.0,2017.0,12.40616
00-0033906,Alvin Kamara,RB,Saints,2024,2.0,2026.0,12250000.0,24500000.0,19233333.0,0.7850339999999999,3.0,67.0,2017.0,14.44675
00-0033908,Cooper Kupp,WR,Seahawks,2025,3.0,2028.0,15000000.0,45000000.0,17500000.0,0.3888888888888889,3.0,69.0,2017.0,16.181948
00-0033921,Chris Godwin,WR,Buccaneers,2025,3.0,2028.0,22000000.0,66000000.0,44000000.0,0.6666666666666666,3.0,84.0,2017.0,23.733524
00-0033955,Jeremy McNichols,RB,Commanders,2026,1.0,2027.0,1487500.0,1487500.0,562500.0,0.37815126050420167,5.0,162.0,2017.0,1.4875
00-0034270,Tyler Conklin,TE,Lions,2026,1.0,2027.0,1300000.0,1300000.0,0.0,0.0,5.0,157.0,2018.0,1.3
00-0034348,Courtland Sutton,WR,Broncos,2025,4.0,2029.0,23000000.0,92000000.0,40000000.0,0.43478260869565216,2.0,40.0,2018.0,24.812321
00-0034351,Dallas Goedert,TE,Eagles,2026,1.0,2027.0,7000000.0,7000000.0,7000000.0,1.0,2.0,49.0,2018.0,7.0
00-0034383,Dalton Schultz,TE,Texans,2026,1.0,2027.0,12600000.0,12600000.0,17600000.0,1.0,4.0,137.0,2018.0,12.6
00-0034386,Justin Watson,WR,Texans,2025,2.0,2027.0,2500000.0,5000000.0,3000000.0,0.6,5.0,144.0,2018.0,2.696991
00-0034577,Kyle Allen,QB,Bills,2026,2.0,2028.0,2049999.9999999998,4099999.9999999995,1800000.0,0.4390243902439025,,,2018.0,2.05
00-0034613,Tanner Hudson,TE,Bengals,2026,1.0,2027.0,1350000.0,1350000.0,50000.0,0.037037037037037035,,,2018.0,1.35
00-0034753,Mark Andrews,TE,Ravens,2025,3.0,2028.0,13089000.0,39267000.0,20944444.0,0.5333853872208215,3.0,86.0,2018.0,14.120368
00-0034771,Mason Rudolph,QB,Steelers,2025,2.0,2027.0,3750000.0,7500000.0,3000000.0,0.4,3.0,76.0,2018.0,4.045487
00-0034775,Christian Kirk,WR,49ers,2026,1.0,2027.0,3000000.0,3000000.0,2780000.0,0.9266666666666666,2.0,47.0,2018.0,3.0
00-0034796,Lamar Jackson,QB,Ravens,2023,5.0,2028.0,52000000.0,260000000.0,135000000.0,0.5192307692307693,1.0,32.0,2018.0,69.672598
00-0034798,Durham Smythe,TE,Ravens,2026,1.0,2027.0,3000000.0,3000000.0,2000000.0,0.6666666666666666,4.0,123.0,2018.0,3.0
00-0034827,D.J. Moore,WR,CHI/BUF,2024,4.0,2028.0,27500000.0,110000000.0,43650000.0,0.3968181818181818,1.0,24.0,2018.0,32.43148
00-0034829,Mike Gesicki,TE,Bengals,2025,3.0,2028.0,8500000.0,25500000.0,6500000.0,0.2549019607843137,2.0,42.0,2018.0,9.169771
00-0034837,Calvin Ridley,WR,Titans,2026,2.0,2028.0,17625000.0,35250000.0,12490000.0,0.35432624113475175,1.0,26.0,2018.0,17.625
00-0034844,Saquon Barkley,RB,Eagles,2025,2.0,2027.0,20600000.0,41200000.0,36000000.0,0.8737864077669902,1.0,2.0,2018.0,22.223209
00-0034855,Baker Mayfield,QB,Buccaneers,2024,3.0,2027.0,33333333.000000004,100000000.0,40000000.0,0.4,1.0,1.0,2018.0,39.310884
00-0034857,Josh Allen,QB,Bills,2025,6.0,2031.0,55000000.0,330000000.0,147000000.0,0.44545454545454544,1.0,7.0,2018.0,59.333811
00-0034867,Malik Turner,WR,49ers,2026,1.0,2027.0,1215000.0,1215000.0,0.0,0.0,,,2018.0,1.215
00-0034869,Sam Darnold,QB,Seahawks,2025,3.0,2028.0,33500000.0,100500000.0,37500000.0,0.373134328358209,1.0,3.0,2018.0,36.139685
00-0034959,Andrew Beck,TE,Jets,2026,1.0,2027.0,1487500.0,1487500.0,1262500.0,0.8487394957983193,,,2019.0,1.4875
00-0034960,Jakobi Meyers,WR,Jaguars,2025,3.0,2028.0,20000000.0,60000000.0,30000000.0,0.5,,,2019.0,21.575931
00-0034975,Justice Hill,RB,Ravens,2024,2.0,2026.0,3000000.0,6000000.0,4441176.0,0.740196,4.0,113.0,2019.0,3.53798
00-0034981,Foster Moreau,TE,Texans,2026,2.0,2028.0,3150000.0,6300000.0,3000000.0,0.4761904761904762,4.0,137.0,2019.0,3.15
00-0035021,Ashton Dulin,WR,Colts,2025,2.0,2027.0,3250000.0,6500000.0,2940000.0,0.4523076923076923,,,2019.0,3.506089
00-0035039,Stephen Carlson,TE,Bears,2026,1.0,2027.0,1145000.0,1145000.0,0.0,0.0,,,2019.0,1.145
00-0035100,Jake Browning,QB,Buccaneers,2026,1.0,2027.0,1332500.0,1332500.0,400000.0,0.300187617260788,,,2019.0,1.3325
00-0035140,Mecole Hardman,WR,Bills,2026,1.0,2027.0,1375000.0,1375000.0,0.0,0.0,2.0,56.0,2019.0,1.375
00-0035208,Olamide Zaccheaus,WR,Falcons,2026,1.0,2027.0,4500000.0,4500000.0,2300000.0,0.5111111111111111,,,2019.0,4.5
00-0035228,Kyler Murray,QB,Vikings,2026,1.0,2027.0,1300000.0,1300000.0,0.0,0.0,1.0,1.0,2019.0,1.3
00-0035229,T.J. Hockenson,TE,Vikings,2026,1.0,2027.0,10250000.0,10250000.0,10150000.0,0.9902439024390244,1.0,8.0,2019.0,10.25
00-0035249,Josh Oliver,TE,Vikings,2025,3.0,2028.0,7750000.0,23250000.0,15645000.0,0.6729032258064516,3.0,69.0,2019.0,8.360673
00-0035250,Devin Singletary,RB,Giants,2026,1.0,2027.0,1300000.0,1300000.0,0.0,0.0,3.0,74.0,2019.0,1.3
00-0035261,Tony Pollard,RB,Titans,2024,3.0,2027.0,7250000.0,21750000.0,10490000.0,0.48229885057471267,4.0,128.0,2019.0,8.550117
00-0035264,Jarrett Stidham,QB,Broncos,2025,2.0,2027.0,6000000.0,12000000.0,6990000.0,0.5825,4.0,133.0,2019.0,6.472779
00-0035289,Gardner Minshew,QB,Cardinals,2026,1.0,2027.0,5750000.0,5750000.0,5140000.0,0.8939130434782608,6.0,178.0,2019.0,5.75
00-0035406,Lil'Jordan Humphrey,WR,Broncos,2026,1.0,2027.0,1487500.0,1487500.0,87500.0,0.0588235294117647,,,2019.0,1.4875
00-0035500,Greg Dortch,WR,Lions,2026,1.0,2027.0,1402500.0,1402500.0,1075000.0,0.766488413547237,,,2019.0,1.4025
00-0035535,Darius Slayton,WR,Giants,2025,3.0,2028.0,12000000.0,36000000.0,22000000.0,0.6111111111111112,5.0,171.0,2019.0,12.945559
00-0035537,Ty Johnson,RB,Bills,2025,2.0,2027.0,2500000.0,5000000.0,2490000.0,0.49800000000000005,6.0,186.0,2019.0,2.696991
00-0035544,Tom Kennedy,WR,Lions,2026,1.0,2027.0,1235000.0,1235000.0,20000.0,0.016194331983805668,,,2019.0,1.235
00-0035631,Drew Sample,TE,Bengals,2024,3.0,2027.0,3500000.0,10500000.0,2350000.0,0.22380952380952382,2.0,52.0,2019.0,4.127643
00-0035639,Parris Campbell,WR,Cowboys,2026,1.0,2027.0,1215000.0,1215000.0,0.0,0.0,2.0,59.0,2019.0,1.215
00-0035640,D.K. Metcalf,WR,Steelers,2025,4.0,2029.0,32999882.0,131999529.0,60000471.0,0.4545506446466184,2.0,64.0,2019.0,35.600159
00-0035644,Noah Fant,TE,Saints,2026,2.0,2028.0,4375000.0,8750000.0,4500000.0,0.5142857142857142,1.0,20.0,2019.0,4.375
00-0035645,Gunner Olszewski,WR,Giants,2026,1.0,2027.0,1402500.0,1402500.0,300000.0,0.213903743315508,,,2019.0,1.4025
00-0035659,Terry McLaurin,WR,Commanders,2025,3.0,2028.0,29000000.0,87000000.0,44650000.0,0.5132183908045976,3.0,76.0,2019.0,31.2851
00-0035662,Marquise Brown,WR,Eagles,2026,1.0,2027.0,5000000.0,5000000.0,5000000.0,1.0,1.0,25.0,2019.0,5.0
00-0035676,A.J. Brown,WR,Eagles,2024,3.0,2027.0,32000000.0,96000000.0,51000000.0,0.53125,2.0,51.0,2019.0,37.738449
00-0035685,David Montgomery,RB,Texans,2026,2.0,2028.0,8250000.0,16500000.0,1000000.0,0.06060606060606061,3.0,73.0,2019.0,8.25
00-0035689,Dawson Knox,TE,Bills,2026,3.0,2029.0,6666667.0,20000000.0,10000000.0,0.5,3.0,96.0,2019.0,6.666667
00-0035700,Josh Jacobs,RB,Packers,2024,4.0,2028.0,12000000.0,48000000.0,12500000.0,0.2604166666666667,1.0,24.0,2019.0,14.151919
00-0035704,Drew Lock,QB,Seahawks,2025,2.0,2027.0,2500000.0,5000000.0,2250000.0,0.45,2.0,42.0,2019.0,2.696991
00-0035710,Daniel Jones,QB,Colts,2026,2.0,2028.0,44000000.0,88000000.0,49490000.0,0.5623863636363636,1.0,6.0,2019.0,44.0
00-0035876,Andre Baccellia,WR,Cardinals,2025,2.0,2027.0,1087500.0,2175000.0,0.0,0.0,,,2020.0,1.173191
00-0035891,Cody White,WR,Seahawks,2026,1.0,2027.0,1145000.0,1145000.0,0.0,0.0,,,2020.0,1.145
00-0035973,Patrick Taylor,RB,49ers,2026,1.0,2027.0,1215000.0,1215000.0,0.0,0.0,,,2020.0,1.215
00-0035976,Dan Chisena,WR,Panthers,2026,1.0,2027.0,1215000.0,1215000.0,0.0,0.0,,,2020.0,1.215
00-0035993,Tyler Huntley,QB,Ravens,2026,2.0,2028.0,2500000.0,5000000.0,3500000.0,0.7,,,2020.0,2.5
00-0036032,Sean McKeon,TE,Colts,2026,1.0,2027.0,1215000.0,1215000.0,0.0,0.0,,,2020.0,1.215
00-0036040,Juwan Johnson,TE,Saints,2025,3.0,2028.0,10250000.0,30750000.0,21250000.0,0.6910569105691057,,,2020.0,11.057665
00-0036139,Rico Dowdle,RB,Steelers,2026,2.0,2028.0,6125000.0,12250000.0,5000000.0,0.40816326530612246,,,2020.0,6.125
00-0036145,Lawrence Cager,WR,Commanders,2026,1.0,2027.0,1145000.0,1145000.0,0.0,0.0,,,2020.0,1.145
00-0036158,J.K. Dobbins,RB,Broncos,2026,2.0,2028.0,8000000.0,16000000.0,0.0,0.0,2.0,55.0,2020.0,8.0
00-0036165,Isaiah Hodgins,WR,Giants,2026,1.0,2027.0,1240000.0,1240000.0,0.0,0.0,6.0,207.0,2020.0,1.24
00-0036176,Mason Kinsey,WR,Titans,2025,2.0,2027.0,1087500.0,2175000.0,0.0,0.0,,,2020.0,1.173191
00-0036182,Nick Westbrook-Ikhine,WR,Colts,2026,1.0,2027.0,1402500.0,1402500.0,437500.0,0.31194295900178254,,,2020.0,1.4025
00-0036212,Tua Tagovailoa,QB,Falcons,2026,1.0,2027.0,1215000.0,1215000.0,0.0,0.0,1.0,5.0,2020.0,1.215
00-0036223,Jonathan Taylor,RB,Colts,2023,3.0,2026.0,14000000.0,42000000.0,19347556.0,0.46065609523809525,2.0,41.0,2020.0,18.758007
00-0036244,Colby Parkinson,TE,Rams,2024,3.0,2027.0,7500000.0,22500000.0,10250000.0,0.45555555555555555,4.0,133.0,2020.0,8.844949
00-0036252,"Michael Pittman, Jr.",WR,Steelers,2026,2.0,2028.0,17500000.0,35000000.0,24000000.0,0.6857142857142857,2.0,34.0,2020.0,17.5
00-0036261,Brandon Aiyuk,WR,49ers,2024,4.0,2028.0,30000000.0,120000000.0,45000000.0,0.375,1.0,25.0,2020.0,35.379796
00-0036264,Jordan Love,QB,Packers,2024,4.0,2028.0,55000000.0,220000000.0,100800000.0,0.4581818181818182,1.0,26.0,2020.0,64.86296
00-0036271,Quez Watkins,WR,Eagles,2026,1.0,2027.0,1215000.0,1215000.0,0.0,0.0,6.0,200.0,2020.0,1.215
00-0036275,D'Andre Swift,RB,Bears,2024,3.0,2027.0,8000000.0,24000000.0,14000000.0,0.5833333333333334,2.0,35.0,2020.0,9.434612
00-0036290,Cole Kmet,TE,Bears,2023,4.0,2027.0,12500000.0,50000000.0,22893000.0,0.45786,2.0,43.0,2020.0,16.748221
00-0036309,Darnell Mooney,WR,Giants,2026,1.0,2027.0,3000000.0,3000000.0,3000000.0,1.0,5.0,173.0,2020.0,3.0
00-0036322,Justin Jefferson,WR,Vikings,2024,4.0,2028.0,35000000.0,140000000.0,88743000.0,0.6338785714285714,1.0,22.0,2020.0,41.276429
00-0036331,Devin Duvernay,WR,Cardinals,2026,1.0,2027.0,1850000.0,1850000.0,550000.0,0.2972972972972973,3.0,92.0,2020.0,1.85
00-0036355,Justin Herbert,QB,Chargers,2023,5.0,2028.0,52500000.0,262500000.0,133738374.99999999,0.5094795238095238,1.0,6.0,2020.0,70.342527
00-0036358,CeeDee Lamb,WR,Cowboys,2024,4.0,2028.0,34000000.0,136000000.0,67000000.0,0.49264705882352944,1.0,17.0,2020.0,40.097103
00-0036389,Jalen Hurts,QB,Eagles,2023,5.0,2028.0,51000000.0,255000000.0,110000000.0,0.43137254901960786,2.0,53.0,2020.0,68.33274
00-0036407,Jerry Jeudy,WR,Browns,2024,3.0,2027.0,17500000.0,52500000.0,41000000.0,0.780952380952381,1.0,15.0,2020.0,20.638215
00-0036410,Tee Higgins,WR,Bengals,2025,4.0,2029.0,28750000.0,115000000.0,30000000.0,0.2608695652173913,2.0,33.0,2020.0,31.015401
00-0036414,Cam Akers,RB,Seahawks,2026,1.0,2027.0,1215000.0,1215000.0,0.0,0.0,2.0,52.0,2020.0,1.215
00-0036415,Van Jefferson,WR,Commanders,2026,1.0,2027.0,1402500.0,1402500.0,527500.0,0.37611408199643487,2.0,57.0,2020.0,1.4025
00-0036422,Adam Trautman,TE,Broncos,2026,3.0,2029.0,5666667.0,17000000.0,9500000.0,0.5588235294117647,3.0,105.0,2020.0,5.666667
00-0036423,Albert Okwuegbunam,TE,Raiders,2026,1.0,2027.0,1215000.0,1215000.0,0.0,0.0,4.0,118.0,2020.0,1.215
00-0036425,DeeJay Dallas,RB,Jaguars,2026,1.0,2027.0,1265000.0,1265000.0,200000.0,0.158102766798419,4.0,144.0,2020.0,1.265
00-0036429,Charlie Woerner,TE,Falcons,2024,3.0,2027.0,4000000.0,12000000.0,4160000.0,0.3466666666666667,6.0,190.0,2020.0,4.717306
00-0036442,Joe Burrow,QB,Bengals,2023,5.0,2028.0,55000000.0,275000000.0,146510000.0,0.5327636363636363,1.0,1.0,2020.0,73.692171
00-0036463,Chris Blair,WR,Falcons,2026,1.0,2027.0,1075000.0,1075000.0,0.0,0.0,,,2021.0,1.075
00-0036497,Tim Jones,WR,Jaguars,2026,1.0,2027.0,1215000.0,1215000.0,0.0,0.0,,,2021.0,1.215
00-0036550,Rashod Bateman,WR,Ravens,2025,3.0,2028.0,12250000.0,36750000.0,16500000.0,0.4489795918367347,1.0,27.0,2021.0,13.215258
00-0036554,Nico Collins,WR,Texans,2024,3.0,2027.0,24250000.0,72750000.0,32116000.0,0.4414570446735395,3.0,89.0,2021.0,28.598669
00-0036555,Chuba Hubbard,RB,Panthers,2024,4.0,2028.0,8300000.000000001,33200000.000000004,12058000.0,0.36319277108433734,4.0,126.0,2021.0,9.78841
00-0036556,Brevin Jordan,TE,Texans,2025,1.0,2026.0,1720000.0,1720000.0,200000.0,0.11627906976744187,5.0,147.0,2021.0,1.85553
00-0036567,Elijah Mitchell,RB,Patriots,2026,1.0,2027.0,1215000.0,1215000.0,0.0,0.0,6.0,194.0,2021.0,1.215
00-0036569,Gary Brightwell,RB,Bengals,2026,1.0,2027.0,1145000.0,1145000.0,0.0,0.0,6.0,196.0,2021.0,1.145
00-0036590,Quintin Morris,TE,Jaguars,2026,1.0,2027.0,2000000.0,2000000.0,1700000.0,0.85,,,2021.0,2.0
00-0036613,Jaylen Waddle,WR,MIA/DEN,2024,3.0,2027.0,28250000.0,84750000.0,35978546.0,0.42452561651917403,1.0,6.0,2021.0,33.315975
00-0036626,Dyami Brown,WR,Commanders,2026,1.0,2027.0,1750000.0,1750000.0,250000.0,0.14285714285714285,3.0,82.0,2021.0,1.75
00-0036628,John Bates,TE,Commanders,2025,3.0,2028.0,7000000.0,21000000.0,11520000.0,0.5485714285714286,4.0,124.0,2021.0,7.551576
00-0036630,Tylan Wallace,WR,Browns,2026,1.0,2027.0,1402500.0,1402500.0,125000.0,0.08912655971479501,4.0,131.0,2021.0,1.4025
00-0036635,Ihmir Smith-Marsette,WR,Cardinals,2026,1.0,2027.0,1215000.0,1215000.0,0.0,0.0,5.0,157.0,2021.0,1.215
00-0036637,Noah Gray,TE,Chiefs,2024,3.0,2027.0,6000000.0,18000000.0,10016000.0,0.5564444444444444,5.0,162.0,2021.0,7.075959
00-0036646,Simi Fehoko,WR,Cardinals,2026,1.0,2027.0,1402500.0,1402500.0,1262500.0,0.9001782531194296,5.0,179.0,2021.0,1.4025
00-0036679,Shane Buechele,QB,Bills,2026,1.0,2027.0,1150000.0,1150000.0,50000.0,0.04347826086956522,,,2021.0,1.15
00-0036741,Jack Stoll,TE,Browns,2026,1.0,2027.0,1315000.0,1315000.0,0.0,0.0,,,2021.0,1.315
00-0036754,Brock Wright,TE,Lions,2024,3.0,2027.0,4000000.0,12000000.0,4600000.0,0.3833333333333333,,,2021.0,4.717306
00-0036755,Jaret Patterson,RB,Chargers,2026,1.0,2027.0,1145000.0,1145000.0,0.0,0.0,,,2021.0,1.145
00-0036775,Brandon Smith,WR,Steelers,2026,1.0,2027.0,885000.0,885000.0,0.0,0.0,,,2021.0,0.885
00-0036841,Austin Trammell,WR,Jaguars,2026,1.0,2027.0,1155000.0,1155000.0,10000.0,0.008658008658008658,,,2021.0,1.155
00-0036842,Kene Nwangwu,RB,Jets,2026,1.0,2027.0,2000000.0,2000000.0,1000000.0,0.5,4.0,119.0,2021.0,2.0
00-0036849,Tutu Atwell,WR,Dolphins,2026,1.0,2027.0,1402500.0,1402500.0,1075000.0,0.766488413547237,2.0,57.0,2021.0,1.4025
00-0036862,Bennett Skowronek,WR,Steelers,2025,2.0,2027.0,2250000.0,4500000.0,1080000.0,0.24000000000000002,7.0,249.0,2021.0,2.427292
00-0036875,Rhamondre Stevenson,RB,Patriots,2024,4.0,2028.0,9000000.0,36000000.0,17116000.0,0.47544444444444445,4.0,120.0,2021.0,10.613939
00-0036876,Kylen Granson,TE,Titans,2026,1.0,2027.0,1402500.0,1402500.0,625000.0,0.44563279857397503,4.0,127.0,2021.0,1.4025
00-0036879,Sam Ehlinger,QB,Broncos,2026,1.0,2027.0,2000000.0,2000000.0,1000000.0,0.5,6.0,218.0,2021.0,2.0
00-0036887,Luke Farrell,TE,49ers,2025,3.0,2028.0,5250000.0,15750000.0,6000000.0,0.38095238095238093,5.0,145.0,2021.0,5.663682
00-0036894,Pat Freiermuth,TE,Steelers,2024,4.0,2028.0,12100000.0,48400000.0,11600000.0,0.2396694214876033,2.0,55.0,2021.0,14.269851
00-0036898,Davis Mills,QB,Texans,2025,1.0,2026.0,7000000.0,7000000.0,10250000.0,1.0,3.0,67.0,2021.0,7.551576
00-0036900,Ja'Marr Chase,WR,Bengals,2025,4.0,2029.0,40250000.0,161000000.0,73900000.0,0.45900621118012425,1.0,5.0,2021.0,43.421562
00-0036912,DeVonta Smith,WR,Eagles,2024,3.0,2027.0,25000000.0,75000000.0,33997554.0,0.45330072,1.0,10.0,2021.0,29.483164
00-0036919,Kenneth Gainwell,RB,Buccaneers,2026,2.0,2028.0,7000000.0,14000000.0,9830000.0,0.7021428571428572,5.0,150.0,2021.0,7.0
00-0036945,Justin Fields,QB,Chiefs,2025,1.0,2026.0,11000000.0,11000000.0,11000000.0,1.0,1.0,11.0,2021.0,11.866762
00-0036955,Terrace Marshall Jr.,WR,Dolphins,2026,1.0,2027.0,1215000.0,1215000.0,0.0,0.0,2.0,59.0,2021.0,1.215
00-0036959,Michael Bandy,WR,Broncos,2026,1.0,2027.0,1085000.0,1085000.0,10000.0,0.009216589861751152,,,2021.0,1.085
00-0036963,Amon-Ra St. Brown,WR,Lions,2024,4.0,2028.0,30002500.0,120010000.0,34666000.0,0.28885926172818926,4.0,112.0,2021.0,35.382745
00-0036970,Kyle Pitts,TE,Falcons,2026,1.0,2027.0,15045000.0,15045000.0,0.0,0.0,1.0,4.0,2021.0,15.045
00-0036971,Trevor Lawrence,QB,Jaguars,2024,5.0,2029.0,55000000.0,275000000.0,142000000.0,0.5163636363636364,1.0,1.0,2021.0,64.86296
00-0036972,Mac Jones,QB,49ers,2025,2.0,2027.0,3500000.0,7000000.0,4750000.0,0.6785714285714286,1.0,15.0,2021.0,3.775788
00-0036973,Travis Etienne,RB,Saints,2026,4.0,2030.0,11750000.0,47000000.0,24000000.0,0.5106382978723404,1.0,25.0,2021.0,11.75
00-0036988,Josh Palmer,WR,Bills,2025,3.0,2028.0,10000000.0,30000000.0,15000000.0,0.5,3.0,77.0,2021.0,10.787966
00-0036997,Javonte Williams,RB,Cowboys,2026,3.0,2029.0,8000000.0,24000000.0,16000000.0,0.6666666666666666,2.0,35.0,2021.0,8.0
00-0037004,Hunter Long,TE,Jaguars,2025,2.0,2027.0,2500000.0,5000000.0,3000000.0,0.6,3.0,81.0,2021.0,2.696991
00-0037005,Tommy Tremble,TE,Panthers,2025,2.0,2027.0,5250000.0,10500000.0,6000000.0,0.5714285714285714,3.0,83.0,2021.0,5.663682
00-0037012,Trey Lance,QB,Chargers,2026,1.0,2027.0,2500000.0,2500000.0,2000000.0,0.8,1.0,3.0,2021.0,2.5
00-0037013,Zach Wilson,QB,Saints,2026,1.0,2027.0,1402500.0,1402500.0,598800.0,0.426951871657754,1.0,2.0,2021.0,1.4025
00-0037015,Sal Cannella,TE,Browns,2026,1.0,2027.0,885000.0,885000.0,0.0,0.0,,,2021.0,0.885
00-0037031,Nikola Kalinic,TE,Bears,2026,1.0,2027.0,1004999.9999999999,1004999.9999999999,0.0,0.0,,,2022.0,1.005
00-0037077,Sam Howell,QB,Cowboys,2026,1.0,2027.0,2500000.0,2500000.0,2500000.0,1.0,5.0,144.0,2022.0,2.5
00-0037078,Cole Turner,TE,Dolphins,2026,1.0,2027.0,1075000.0,1075000.0,0.0,0.0,5.0,149.0,2022.0,1.075
00-0037085,Tyler Badie,RB,Broncos,2026,1.0,2027.0,1075000.0,1075000.0,0.0,0.0,6.0,196.0,2022.0,1.075
00-0037086,Grant Calcaterra,TE,Eagles,2026,1.0,2027.0,2000000.0,2000000.0,700000.0,0.35,6.0,198.0,2022.0,2.0
00-0037091,Bo Melton,WR,Packers,2026,1.0,2027.0,1145000.0,1145000.0,0.0,0.0,7.0,229.0,2022.0,1.145
00-0037093,Dareke Young,WR,Raiders,2026,1.0,2027.0,1802000.0,1802000.0,800000.0,0.4439511653718091,7.0,233.0,2022.0,1.802
00-0037098,Samori Toure,WR,Saints,2025,2.0,2027.0,1087500.0,2175000.0,0.0,0.0,7.0,258.0,2022.0,1.173191
00-0037112,Jake Tonges,TE,49ers,2026,2.0,2028.0,4000000.0,8000000.0,5450000.0,0.68125,,,2022.0,4.0
00-0037132,Britain Covey,WR,Eagles,2025,2.0,2027.0,1157500.0,2315000.0,0.0,0.0,,,2022.0,1.248707
00-0037156,Irvin Charles,WR,Jets,2025,1.0,2026.0,1030000.0,1030000.0,0.0,0.0,,,2022.0,1.11116
00-0037157,Zonovan Knight,RB,Cardinals,2026,1.0,2027.0,1195000.0,1195000.0,25000.0,0.02092050209205021,,,2022.0,1.195
00-0037197,Isiah Pacheco,RB,Lions,2026,1.0,2027.0,1810000.0,1810000.0,1810000.0,1.0,7.0,251.0,2022.0,1.81
00-0037228,Jaylen Warren,RB,Steelers,2025,2.0,2027.0,5952000.0,11904000.0,11765000.0,0.9883232526881721,,,2022.0,6.420997
00-0037231,Kevin Austin Jr.,WR,Saints,2025,2.0,2027.0,1017500.0000000001,2035000.0000000002,0.0,0.0,,,2022.0,1.097676
00-0037238,Drake London,WR,Falcons,2022,4.0,2026.0,5383618.0,21534472.0,21534472.0,1.0,1.0,8.0,2022.0,7.788404
00-0037239,Chris Olave,WR,Saints,2022,4.0,2026.0,4817968.0,19271872.0,19271872.0,1.0,1.0,11.0,2022.0,6.970086
00-0037240,Jameson Williams,WR,Lions,2025,3.0,2028.0,26666667.0,80000000.0,30579154.0,0.38223942499999997,1.0,12.0,2022.0,28.767909
00-0037247,George Pickens,WR,Cowboys,2026,1.0,2027.0,27298000.0,27298000.0,0.0,0.0,2.0,52.0,2022.0,27.298
00-0037248,James Cook,RB,Bills,2025,4.0,2029.0,11500000.0,46000000.0,15280000.0,0.33217391304347826,2.0,63.0,2022.0,12.40616
00-0037252,Greg Dulcich,TE,Dolphins,2026,1.0,2027.0,3250000.0,3250000.0,2910000.0,0.8953846153846154,3.0,80.0,2022.0,3.25
00-0037256,Rachaad White,RB,Commanders,2026,1.0,2027.0,2000000.0,2000000.0,1715000.0,0.8575,3.0,91.0,2022.0,2.0
00-0037258,Dameon Pierce,RB,Eagles,2026,1.0,2027.0,1290000.0,1290000.0,250000.0,0.19379844961240308,4.0,107.0,2022.0,1.29
00-0037261,Khalil Shakir,WR,Bills,2025,4.0,2029.0,13250000.0,53000000.0,18100000.0,0.3415094339622642,5.0,148.0,2022.0,14.294054
00-0037263,Tyler Allgeier,RB,Cardinals,2026,2.0,2028.0,6125000.0,12250000.0,8000000.0,0.6530612244897959,5.0,151.0,2022.0,6.125
00-0037267,Jerome Ford,RB,Commanders,2026,1.0,2027.0,1402500.0,1402500.0,437500.0,0.31194295900178254,5.0,156.0,2022.0,1.4025
00-0037276,Ty Chandler,RB,Saints,2026,1.0,2027.0,1215000.0,1215000.0,0.0,0.0,5.0,169.0,2022.0,1.215
00-0037277,Teagan Quitoriano,TE,Cardinals,2026,1.0,2027.0,1240000.0,1240000.0,0.0,0.0,5.0,170.0,2022.0,1.24
00-0037282,James Mitchell,TE,Panthers,2026,1.0,2027.0,1655000.0,1655000.0,590000.0,0.3564954682779456,5.0,177.0,2022.0,1.655
00-0037291,Jalen Nailor,WR,Raiders,2026,3.0,2029.0,11676667.0,35030000.0,18000000.0,0.5138452754781616,6.0,191.0,2022.0,11.676667
00-0037292,Andrew Ogletree,TE,Colts,2026,1.0,2027.0,2250000.0,2250000.0,1500000.0,0.6666666666666666,6.0,192.0,2022.0,2.25
00-0037304,Connor Heyward,TE,Raiders,2026,2.0,2028.0,2250000.0,4500000.0,2000000.0,0.4444444444444444,6.0,208.0,2022.0,2.25
00-0037311,Ko Kieft,TE,Buccaneers,2026,1.0,2027.0,1650000.0,1650000.0,412500.0,0.25,6.0,218.0,2022.0,1.65
00-0037324,Chris Oladokun,QB,Chiefs,2025,2.0,2027.0,922500.0,1845000.0,0.0,0.0,7.0,241.0,2022.0,0.99519
00-0037329,Brittain Brown,RB,Bears,2026,1.0,2027.0,1075000.0,1075000.0,0.0,0.0,7.0,250.0,2022.0,1.075
00-0037340,Zaire Mitchell-Paden,TE,Saints,2026,2.0,2028.0,1062500.0,2125000.0,0.0,0.0,,,2022.0,1.0625
00-0037348,Tanner Conner,WR,Giants,2026,1.0,2027.0,1215000.0,1215000.0,0.0,0.0,,,2022.0,1.215
00-0037387,Jalen Virgil,WR,Bills,2026,1.0,2027.0,1075000.0,1075000.0,0.0,0.0,,,2022.0,1.075
00-0037422,Kendric Pryor,WR,Bengals,2026,1.0,2027.0,1075000.0,1075000.0,0.0,0.0,,,2022.0,1.075
00-0037475,Stone Smartt,TE,Eagles,2026,1.0,2027.0,1290000.0,1290000.0,225000.0,0.1744186046511628,,,2022.0,1.29
00-0037487,Deven Thompkins,WR,Falcons,2025,2.0,2027.0,1157500.0,2315000.0,0.0,0.0,,,2022.0,1.248707
00-0037525,Jordan Mason,RB,Vikings,2025,2.0,2027.0,5250000.0,10500000.0,7230000.0,0.6885714285714286,,,2022.0,5.663682
00-0037539,Lucas Krull,TE,Broncos,2026,1.0,2027.0,1360000.0,1360000.0,100000.0,0.07352941176470588,,,2022.0,1.36
00-0037545,Rashid Shaheed,WR,Seahawks,2026,3.0,2029.0,17000000.0,51000000.0,23000000.0,0.45098039215686275,,,2022.0,17.0
00-0037563,Malik Davis,RB,Cowboys,2025,2.0,2027.0,1087500.0,2175000.0,0.0,0.0,,,2022.0,1.173191
00-0037570,Dennis Houston,WR,Buccaneers,2026,2.0,2028.0,967500.0,1935000.0,0.0,0.0,,,2022.0,0.9675
00-0037594,Julius Chestnut,RB,Titans,2026,1.0,2027.0,1402500.0,1402500.0,102500.0,0.0730837789661319,,,2022.0,1.4025
00-0037614,John Metchie III,WR,Panthers,2026,1.0,2027.0,1900000.0,1900000.0,1000000.0,0.5263157894736842,2.0,44.0,2022.0,1.9
00-0037664,Alec Pierce,WR,Colts,2026,4.0,2030.0,28500000.0,114000000.0,60000000.0,0.5263157894736842,2.0,53.0,2022.0,28.5
00-0037666,Jalen Tolbert,WR,Dolphins,2026,1.0,2027.0,1402500.0,1402500.0,1262500.0,0.9001782531194296,3.0,88.0,2022.0,1.4025
00-0037708,Maurice Alexander,WR,Bears,2026,1.0,2027.0,1075000.0,1075000.0,0.0,0.0,,,2022.0,1.075
00-0037740,Garrett Wilson,WR,Jets,2025,4.0,2029.0,32500000.0,130000000.0,38324819.0,0.29480629999999997,1.0,10.0,2022.0,35.060888
00-0037741,Jahan Dotson,WR,Falcons,2026,2.0,2028.0,7500000.0,15000000.0,10000000.0,0.6666666666666666,1.0,16.0,2022.0,7.5
00-0037742,Treylon Burks,WR,Commanders,2026,1.0,2027.0,2350000.0,2350000.0,400000.0,0.1702127659574468,1.0,18.0,2022.0,2.35
00-0037744,Trey McBride,TE,Cardinals,2025,4.0,2029.0,19000000.0,76000000.0,32500000.0,0.4276315789473684,2.0,55.0,2022.0,20.497135
00-0037745,Velus Jones Jr.,RB,Seahawks,2026,1.0,2027.0,1215000.0,1215000.0,0.0,0.0,3.0,71.0,2022.0,1.215
00-0037755,Jelani Woods,TE,Jets,2026,1.0,2027.0,1175000.0,1175000.0,0.0,0.0,3.0,73.0,2022.0,1.175
00-0037801,Kavontae Turpin,WR,Cowboys,2025,3.0,2028.0,4500000.0,13500000.0,5000000.0,0.37037037037037035,,,2022.0,4.854585
00-0037805,Jeremy Ruckert,TE,Jets,2025,2.0,2027.0,5000000.0,10000000.0,4972157.0,0.49721570000000004,3.0,101.0,2022.0,5.393983
00-0037809,Chigoziem Okonkwo,TE,Commanders,2026,3.0,2029.0,9000000.0,27000000.0,16700000.0,0.6185185185185185,4.0,143.0,2022.0,9.0
00-0037816,Romeo Doubs,WR,Patriots,2026,4.0,2030.0,17000000.0,68000000.0,35000000.0,0.5147058823529411,4.0,132.0,2022.0,17.0
00-0037828,Danny Gray,WR,Eagles,2026,2.0,2028.0,1062500.0,2125000.0,0.0,0.0,3.0,105.0,2022.0,1.0625
00-0037834,Brock Purdy,QB,49ers,2025,5.0,2030.0,53000000.0,265000000.0,100000000.0,0.37735849056603776,7.0,262.0,2022.0,57.176218
00-0037837,Calvin Austin III,WR,Giants,2026,1.0,2027.0,1500000.0,1500000.0,450000.0,0.3,4.0,138.0,2022.0,1.5
00-0037838,Isaiah Likely,TE,Giants,2026,3.0,2029.0,13333333.0,40000000.0,20500000.0,0.5125,4.0,139.0,2022.0,13.333333
00-0037840,Kyren Williams,RB,Rams,2025,3.0,2028.0,11000000.0,33000000.0,15145000.0,0.4589393939393939,5.0,164.0,2022.0,11.866762
00-0038041,Jake Ferguson,TE,Cowboys,2025,4.0,2029.0,12500000.0,50000000.0,20656000.0,0.41312,4.0,129.0,2022.0,13.484957
00-0038046,Charlie Kolar,TE,Chargers,2026,3.0,2029.0,8100000.0,24300000.0,17000000.0,0.6995884773662551,4.0,128.0,2022.0,8.1
00-0038090,Skyy Moore,WR,Packers,2026,1.0,2027.0,2500000.0,2500000.0,1000000.0,0.4,2.0,54.0,2022.0,2.5
00-0038098,Pierre Strong Jr.,RB,Packers,2026,1.0,2027.0,1215000.0,1215000.0,0.0,0.0,4.0,127.0,2022.0,1.215
00-0038102,Kenny Pickett,QB,Panthers,2026,1.0,2027.0,4000000.0,4000000.0,4000000.0,1.0,1.0,20.0,2022.0,4.0
00-0038104,Tyquan Thornton,WR,Chiefs,2026,2.0,2028.0,5500000.0,11000000.0,7400000.0,0.6727272727272727,2.0,50.0,2022.0,5.5
00-0038108,Bailey Zappe,QB,Jets,2026,1.0,2027.0,1215000.0,1215000.0,0.0,0.0,4.0,137.0,2022.0,1.215
00-0038115,Daniel Bellinger,TE,Titans,2026,3.0,2029.0,7000000.0,21000000.0,14010000.0,0.6671428571428571,4.0,112.0,2022.0,7.0
00-0038117,Wan'Dale Robinson,WR,Titans,2026,4.0,2030.0,17500000.0,70000000.0,38000000.0,0.5428571428571428,2.0,43.0,2022.0,17.5
00-0038120,Breece Hall,RB,Jets,2026,1.0,2027.0,14293000.0,14293000.0,0.0,0.0,2.0,36.0,2022.0,14.293
00-0038122,Desmond Ridder,QB,Packers,2025,2.0,2027.0,1157500.0,2315000.0,0.0,0.0,3.0,74.0,2022.0,1.248707
00-0038124,Christian Watson,WR,Packers,2025,1.0,2026.0,11000000.0,11000000.0,6067078.0,0.5515525454545455,2.0,34.0,2022.0,11.866762
00-0038128,Malik Willis,QB,Dolphins,2026,3.0,2029.0,22500000.0,67500000.0,45000000.0,0.6666666666666666,3.0,86.0,2022.0,22.5
00-0038129,Cade Otton,TE,Buccaneers,2026,3.0,2029.0,10000000.0,30000000.0,20000000.0,0.6666666666666666,4.0,106.0,2022.0,10.0
00-0038134,Kenneth Walker III,RB,Chiefs,2026,3.0,2029.0,14350000.0,43050000.0,28700000.0,0.6666666666666667,2.0,41.0,2022.0,14.35
00-0038359,Xavier Smith,WR,Rams,2026,1.0,2027.0,1075000.0,1075000.0,0.0,0.0,,,2023.0,1.075
00-0038389,Israel Abanikanda,RB,Cowboys,2026,2.0,2028.0,1132500.0,2265000.0,0.0,0.0,5.0,143.0,2023.0,1.1325
00-0038391,Sean Clifford,QB,Bengals,2026,1.0,2027.0,1075000.0,1075000.0,0.0,0.0,5.0,149.0,2023.0,1.075
00-0038393,Dontayvion Wicks,WR,Packers,2023,4.0,2027.0,1035636.0,4142544.0,302544.0,0.07303338238531684,5.0,159.0,2023.0,1.387605
00-0038394,Will Mallory,TE,Colts,2023,4.0,2027.0,1032648.0,4130592.0,290592.0,0.07035117484370279,5.0,162.0,2023.0,1.383601
00-0038396,Eric Gray,RB,Giants,2023,4.0,2027.0,1021245.0,4084980.0,244980.0,0.059970917850271,5.0,172.0,2023.0,1.368323
00-0038397,Evan Hull,RB,Saints,2025,2.0,2027.0,1017500.0000000001,2035000.0000000002,0.0,0.0,5.0,176.0,2023.0,1.097676
00-0038400,Tanner McKee,QB,Eagles,2023,4.0,2027.0,1006629.9999999999,4026519.9999999995,186520.0,0.04632287931017355,6.0,188.0,2023.0,1.348741
00-0038406,Zack Kuntz,TE,Dolphins,2026,2.0,2028.0,967500.0,1935000.0,0.0,0.0,7.0,220.0,2023.0,0.9675
00-0038409,Lew Nichols III,RB,Steelers,2026,1.0,2027.0,885000.0,885000.0,0.0,0.0,7.0,235.0,2023.0,0.885
00-0038416,Tyson Bagent,QB,Bears,2025,2.0,2027.0,5000000.0,10000000.0,2530000.0,0.253,,,2023.0,5.393983
00-0038440,Zavier Scott,WR,Vikings,2026,1.0,2027.0,1004999.9999999999,1004999.9999999999,0.0,0.0,,,2023.0,1.005
00-0038454,Keaton Mitchell,RB,Chargers,2026,2.0,2028.0,4625000.0,9250000.0,5000000.0,0.5405405405405406,,,2023.0,4.625
00-0038458,Owen Wright,RB,Buccaneers,2026,2.0,2028.0,1062500.0,2125000.0,0.0,0.0,,,2023.0,1.0625
00-0038476,Tommy DeVito,QB,Patriots,2026,2.0,2028.0,2200000.0,4400000.0,2000000.0,0.45454545454545453,,,2023.0,2.2
00-0038488,Brady Russell,TE,Seahawks,2026,2.0,2028.0,2400000.0,4800000.0,2145000.0,0.446875,,,2023.0,2.4
00-0038492,Jason Brownlee,WR,Chiefs,2026,1.0,2027.0,1075000.0,1075000.0,0.0,0.0,,,2023.0,1.075
00-0038496,Xavier Gipson,WR,Giants,2025,2.0,2027.0,1087500.0,2175000.0,0.0,0.0,,,2023.0,1.173191
00-0038498,E.J. Jenkins,TE,Eagles,2026,2.0,2028.0,1082667.0,2165333.0,40333.0,0.018626696217163827,,,2023.0,1.082667
00-0038519,Nikko Remigio,WR,Chiefs,2026,1.0,2027.0,1075000.0,1075000.0,0.0,0.0,,,2023.0,1.075
00-0038542,Bijan Robinson,RB,Falcons,2023,4.0,2027.0,5489636.0,21958544.0,21958544.0,1.0,1.0,8.0,2023.0,7.355331
00-0038543,Jaxon Smith-Njigba,WR,Seahawks,2026,4.0,2030.0,42150000.0,168600000.0,69130996.0,0.41002963226571765,1.0,20.0,2023.0,42.15
00-0038544,Quentin Johnston,WR,Chargers,2023,4.0,2027.0,3547197.0,14188786.0,14188786.0,1.0,1.0,21.0,2023.0,4.752739
00-0038547,Luke Schoonmaker,TE,Cowboys,2023,4.0,2027.0,1566670.0,6266678.0,3342433.0,0.533366003487015,2.0,58.0,2023.0,2.099115
00-0038551,Kendre Miller,RB,Saints,2023,4.0,2027.0,1413578.0,5654312.0,1112228.0,0.19670439126811537,3.0,71.0,2023.0,1.893993
00-0038555,Tank Bigsby,RB,JAX/PHI,2023,4.0,2027.0,1348230.0,5392918.0,922120.0,0.17098720952182103,3.0,88.0,2023.0,1.806436
00-0038558,Darnell Washington,TE,Steelers,2023,4.0,2027.0,1338478.0,5353912.0,893752.0,0.1669343836805685,3.0,93.0,2023.0,1.79337
00-0038559,Michael Wilson,WR,Cardinals,2023,4.0,2027.0,1334866.0,5339462.0,883244.0,0.16541816385246305,3.0,94.0,2023.0,1.78853
00-0038563,Tre Tucker,WR,Raiders,2023,4.0,2027.0,1326021.0,5304082.0,857512.0,0.161670200422995,3.0,100.0,2023.0,1.776679
00-0038564,Cameron Latu,TE,Eagles,2025,2.0,2027.0,922500.0,1845000.0,0.0,0.0,3.0,101.0,2023.0,0.99519
00-0038573,Derius Davis,WR,Chargers,2023,4.0,2027.0,1137982.0,4551928.0,711928.0,0.15640141935461194,4.0,125.0,2023.0,1.524734
00-0038576,Charlie Jones,WR,Bengals,2023,4.0,2027.0,1129694.0,4518776.0,678776.0,0.1502123583908563,4.0,131.0,2023.0,1.513629
00-0038579,Aidan O'Connell,QB,Raiders,2023,4.0,2027.0,1087345.0,4349380.0,509380.00000000006,0.11711554290496577,4.0,135.0,2023.0,1.456888
00-0038589,Josh Whyle,TE,Packers,2026,1.0,2027.0,2000000.0,2000000.0,370000.0,0.185,5.0,147.0,2023.0,2.0
00-0038590,Justin Shorter,WR,Raiders,2026,1.0,2027.0,1075000.0,1075000.0,0.0,0.0,5.0,150.0,2023.0,1.075
00-0038597,Chase Brown,RB,Bengals,2023,4.0,2027.0,1031539.0,4126156.0,286156.0,0.06935171622207208,5.0,163.0,2023.0,1.382115
00-0038606,Parker Washington,WR,Jaguars,2023,4.0,2027.0,1008065.9999999999,4032263.9999999995,192264.0,0.04768140181297653,6.0,185.0,2023.0,1.350665
00-0038608,Kayshon Boutte,WR,Patriots,2023,4.0,2027.0,1006815.9999999999,4027263.9999999995,187264.0,0.04649906239074469,6.0,187.0,2023.0,1.34899
00-0038611,Chris Rodriguez Jr.,RB,Jaguars,2026,2.0,2028.0,5000000.0,10000000.0,6200000.0,0.62,6.0,193.0,2023.0,5.0
00-0038612,A.T. Perry,WR,Steelers,2026,1.0,2027.0,1075000.0,1075000.0,0.0,0.0,6.0,195.0,2023.0,1.075
00-0038618,Xavier Hutchinson,WR,Texans,2023,4.0,2027.0,1000925.0000000001,4003700.0000000005,163700.0,0.04088717935909284,6.0,205.0,2023.0,1.341097
00-0038619,Andrei Iosivas,WR,Bengals,2023,4.0,2027.0,999848.0,3999392.0,159392.0,0.039854057816788156,6.0,206.0,2023.0,1.339654
00-0038621,Demario Douglas,WR,Patriots,2023,4.0,2027.0,993333.0,3973332.0,133332.0,0.033556722670041166,6.0,210.0,2023.0,1.330925
00-0038622,Deuce Vaughn,RB,Broncos,2026,1.0,2027.0,1075000.0,1075000.0,0.0,0.0,6.0,212.0,2023.0,1.075
00-0038632,Colton Dowell,WR,49ers,2026,1.0,2027.0,1075000.0,1075000.0,0.0,0.0,7.0,228.0,2023.0,1.075
00-0038636,Kenny McIntosh,RB,Seahawks,2023,4.0,2027.0,982646.0,3930852.0,90852.0,0.02311254659295237,7.0,237.0,2023.0,1.316606
00-0038640,Jalen Brooks,WR,Cardinals,2025,2.0,2027.0,1087500.0,2175000.0,0.0,0.0,7.0,244.0,2023.0,1.173191
00-0038643,Brayden Willis,TE,49ers,2025,2.0,2027.0,1087500.0,2175000.0,0.0,0.0,7.0,247.0,2023.0,1.173191
00-0038647,Ronnie Bell,WR,Saints,2025,2.0,2027.0,1052500.0,2105000.0,0.0,0.0,7.0,253.0,2023.0,1.135433
00-0038658,Adrian Martinez,QB,49ers,2026,1.0,2027.0,1004999.9999999999,1004999.9999999999,0.0,0.0,,,2023.0,1.005
00-0038667,Elijah Cooks,WR,Saints,2026,1.0,2027.0,1004999.9999999999,1004999.9999999999,0.0,0.0,,,2023.0,1.005
00-0038679,Tyrell Shavers,WR,Bills,2025,2.0,2027.0,1020999.9999999999,2041999.9999999998,7000.0,0.003428011753183154,,,2023.0,1.101451
00-0038685,Christopher Brooks,RB,Packers,2026,2.0,2028.0,2425000.0,4850000.0,650000.0,0.13402061855670105,,,2023.0,2.425
00-0038705,Emari Demercado,RB,Chiefs,2026,1.0,2027.0,1250000.0,1250000.0,550000.0,0.44000000000000006,,,2023.0,1.25
00-0038710,Blake Whiteheart,TE,Browns,2026,1.0,2027.0,1145000.0,1145000.0,0.0,0.0,,,2023.0,1.145
00-0038720,Julian Hill,TE,Patriots,2026,3.0,2029.0,5000000.0,15000000.0,7500000.0,0.5,,,2023.0,5.0
00-0038728,Jared Wayne,WR,Texans,2026,1.0,2027.0,1004999.9999999999,1004999.9999999999,0.0,0.0,,,2023.0,1.005
00-0038735,Princeton Fant,TE,Cowboys,2026,2.0,2028.0,1062500.0,2125000.0,0.0,0.0,,,2023.0,1.0625
00-0038738,Hunter Luepke,RB,Cowboys,2025,2.0,2027.0,3500000.0,7000000.0,5030000.0,0.7185714285714286,,,2023.0,3.775788
00-0038752,Jake Bobo,WR,Seahawks,2026,2.0,2028.0,2750000.0,5500000.0,4500000.0,0.8181818181818182,,,2023.0,2.75
00-0038783,Nate Adkins,TE,Broncos,2026,1.0,2027.0,1635000.0,1635000.0,300000.0,0.18348623853211007,,,2023.0,1.635
00-0038794,Jaleel McLaughlin,RB,Broncos,2026,1.0,2027.0,1430000.0,1430000.0,125000.0,0.08741258741258742,,,2023.0,1.43
00-0038797,Emanuel Wilson,RB,Seahawks,2026,1.0,2027.0,1595000.0,1595000.0,550000.0,0.3448275862068966,,,2023.0,1.595
00-0038809,Ben Sims,TE,Dolphins,2026,1.0,2027.0,1332500.0,1332500.0,187500.0,0.14071294559099437,,,2023.0,1.3325
00-0038824,Ryan Miller,WR,Giants,2026,1.0,2027.0,1075000.0,1075000.0,0.0,0.0,,,2023.0,1.075
00-0038839,Mitchell Tinsley,WR,Bengals,2026,1.0,2027.0,1075000.0,1075000.0,0.0,0.0,,,2023.0,1.075
00-0038840,Brycen Tremayne,WR,Panthers,2026,1.0,2027.0,1004999.9999999999,1004999.9999999999,0.0,0.0,,,2023.0,1.005
00-0038891,Shedrick Jackson,WR,Raiders,2025,2.0,2027.0,1017500.0000000001,2035000.0000000002,0.0,0.0,,,2023.0,1.097676
00-0038896,Jacob Saylors,RB,Lions,2026,1.0,2027.0,1004999.9999999999,1004999.9999999999,0.0,0.0,,,2023.0,1.005
00-0038911,Malik Cunningham,QB,Lions,2026,1.0,2027.0,1004999.9999999999,1004999.9999999999,0.0,0.0,,,2023.0,1.005
00-0038930,Carlos Washington Jr.,RB,Falcons,2026,1.0,2027.0,1004999.9999999999,1004999.9999999999,0.0,0.0,,,2023.0,1.005
00-0038933,Dalton Kincaid,TE,Bills,2023,4.0,2027.0,3356760.0,13427040.0,13427040.0,1.0,1.0,25.0,2023.0,4.497581
00-0038935,Brenton Strange,TE,Jaguars,2023,4.0,2027.0,1528586.0,6114342.0,3224717.0,0.5274021309243088,2.0,61.0,2023.0,2.048088
00-0038938,Jalin Hyatt,WR,Giants,2023,4.0,2027.0,1406329.0,5625316.0,1091140.0,0.1939695476663,3.0,73.0,2023.0,1.884281
00-0038941,Tyler Scott,WR,Rams,2026,2.0,2028.0,1132500.0,2265000.0,0.0,0.0,4.0,133.0,2023.0,1.1325
00-0038951,Sean Tucker,RB,Buccaneers,2026,1.0,2027.0,3520000.0,3520000.0,0.0,0.0,,,2023.0,3.52
00-0038953,Dylan Drummond,WR,Falcons,2025,2.0,2027.0,922500.0,1845000.0,0.0,0.0,,,2023.0,0.99519
00-0038976,Marvin Mims,WR,Broncos,2023,4.0,2027.0,1517159.0,6068634.0,3189399.0,0.5255546800153049,2.0,63.0,2023.0,2.032777
00-0038977,Tank Dell,WR,Texans,2023,4.0,2027.0,1422276.0,5689104.0,1137528.0,0.19994853319608852,3.0,69.0,2023.0,1.905647
00-0038979,Cedric Tillman,WR,Browns,2023,4.0,2027.0,1402616.0,5610462.0,1080336.0,0.19255740436349092,3.0,74.0,2023.0,1.879306
00-0038994,Jordan Addison,WR,Vikings,2023,4.0,2027.0,3432934.0,13731736.0,13731736.0,1.0,1.0,23.0,2023.0,4.599643
00-0038996,Tucker Kraft,TE,Packers,2023,4.0,2027.0,1384483.0,5537932.0,1027588.0,0.18555446329062908,3.0,78.0,2023.0,1.85501
00-0038997,Josh Downs,WR,Colts,2023,4.0,2027.0,1380114.0,5520456.0,1014875.9999999999,0.18383916111277762,3.0,79.0,2023.0,1.849156
00-0038998,Jake Haener,QB,Chiefs,2026,1.0,2027.0,1075000.0,1075000.0,0.0,0.0,4.0,127.0,2023.0,1.075
00-0039021,Roschon Johnson,RB,Bears,2023,4.0,2027.0,1152172.0,4608688.0,768688.0,0.16679106938894542,4.0,115.0,2023.0,1.543746
00-0039023,Joel Wilson,TE,Titans,2026,2.0,2028.0,967500.0,1935000.0,0.0,0.0,,,2023.0,0.9675
00-0039032,Tyjae Spears,RB,Titans,2023,4.0,2027.0,1372651.0,5490602.0,993164.0,0.18088435475745648,3.0,81.0,2023.0,1.839157
00-0039040,Devon Achane,RB,Dolphins,2023,4.0,2027.0,1359363.0,5437450.0,954508.0,0.17554331534083073,3.0,84.0,2023.0,1.821353
00-0039041,Elijah Higgins,WR,ARI/MIA,2023,4.0,2027.0,1003970.0,4015880.0,175880.0,0.04379612936641533,6.0,197.0,2023.0,1.345177
00-0039050,Payne Durham,TE,Buccaneers,2023,4.0,2027.0,1021245.0,4084980.0,244980.0,0.059970917850271,5.0,171.0,2023.0,1.368323
00-0039052,Trey Palmer,WR,NO/TB,2023,4.0,2027.0,1004823.9999999999,4019295.9999999995,179296.0,0.04460880711447975,6.0,191.0,2023.0,1.346321
00-0039062,Jonathan Mingo,WR,Cowboys,2026,1.0,2027.0,1145000.0,1145000.0,0.0,0.0,2.0,39.0,2023.0,1.145
00-0039064,Zay Flowers,WR,Ravens,2023,4.0,2027.0,3509110.0,14036440.0,14036440.0,1.0,1.0,22.0,2023.0,4.701708
00-0039065,Sam LaPorta,TE,Lions,2023,4.0,2027.0,2366500.0,9465998.0,7825179.0,0.826661805759942,2.0,34.0,2023.0,3.170773
00-0039066,Michael Mayer,TE,Raiders,2023,4.0,2027.0,2328410.0,9313638.0,7596697.0,0.8156530240921969,2.0,35.0,2023.0,3.119738
00-0039067,Rashee Rice,WR,Chiefs,2023,4.0,2027.0,1623805.0,6495218.0,3519033.0,0.5417882817789949,2.0,55.0,2023.0,2.175668
00-0039074,Davis Allen,TE,Rams,2023,4.0,2027.0,1021245.0,4084980.0,244980.0,0.059970917850271,5.0,175.0,2023.0,1.368323
00-0039075,Puka Nacua,WR,Rams,2023,4.0,2027.0,1021245.0,4084980.0,244980.0,0.059970917850271,5.0,177.0,2023.0,1.368323
00-0039107,Stetson Bennett,QB,Rams,2023,4.0,2027.0,1134783.0,4539132.0,699132.0,0.15402328022185738,4.0,128.0,2023.0,1.520448
00-0039139,Jahmyr Gibbs,RB,Lions,2023,4.0,2027.0,4461285.0,17845138.0,17845138.0,1.0,1.0,12.0,2023.0,5.977487
00-0039144,Luke Musgrave,TE,Packers,2023,4.0,2027.0,2118936.0,8475742.0,6348437.0,0.7490125348317586,2.0,42.0,2023.0,2.839073
00-0039146,Jayden Reed,WR,Packers,2023,4.0,2027.0,1795195.0,7180778.0,4048783.0000000005,0.5638362584109967,2.0,50.0,2023.0,2.405306
00-0039150,Bryce Young,QB,Panthers,2023,4.0,2027.0,9488769.0,37955074.0,37955074.0,1.0,1.0,1.0,2023.0,12.7136
00-0039152,Will Levis,QB,Titans,2023,4.0,2027.0,2385541.0,9542162.0,8730957.0,0.9149872953320223,2.0,33.0,2023.0,3.196285
00-0039163,C.J. Stroud,QB,Texans,2023,4.0,2027.0,9069811.0,36279244.0,36279244.0,1.0,1.0,2.0,2023.0,12.152256
00-0039164,Anthony Richardson,QB,Colts,2023,4.0,2027.0,8498508.0,33994030.0,33994030.0,1.0,1.0,4.0,2023.0,11.386791
00-0039165,Zach Charbonnet,RB,Seahawks,2023,4.0,2027.0,1719020.0,6876078.0,3813333.0,0.5545796600911159,2.0,52.0,2023.0,2.303242
00-0039230,Dante Miller,RB,Giants,2025,2.0,2027.0,1017500.0000000001,2035000.0000000002,0.0,0.0,,,2024.0,1.097676
00-0039236,Johnny Wilson,WR,Eagles,2024,4.0,2028.0,1054252.0,4217008.0,197008.0,0.04671748310650584,6.0,185.0,2024.0,1.243307
00-0039244,Chris Collier,RB,Raiders,2026,1.0,2027.0,1004999.9999999999,1004999.9999999999,0.0,0.0,,,2024.0,1.005
00-0039259,Dayton Wade,WR,Ravens,2026,1.0,2027.0,885000.0,885000.0,0.0,0.0,,,2024.0,0.885
00-0039263,McCallan Castles,TE,Packers,2026,1.0,2027.0,885000.0,885000.0,0.0,0.0,,,2024.0,0.885
00-0039266,Kendall Milton,RB,Bengals,2026,1.0,2027.0,1004999.9999999999,1004999.9999999999,0.0,0.0,,,2024.0,1.005
00-0039275,Messiah Swinson,TE,Packers,2026,1.0,2027.0,1004999.9999999999,1004999.9999999999,0.0,0.0,,,2024.0,1.005
00-0039299,George Holani,RB,Seahawks,2026,1.0,2027.0,1075000.0,1075000.0,0.0,0.0,,,2024.0,1.075
00-0039305,Jack Westover,TE,Patriots,2026,1.0,2027.0,1075000.0,1075000.0,0.0,0.0,,,2024.0,1.075
00-0039325,Carson Steele,RB,Eagles,2026,2.0,2028.0,1062500.0,2125000.0,0.0,0.0,,,2024.0,1.0625
00-0039337,Malik Nabers,WR,Giants,2024,4.0,2028.0,7301938.0,29207750.0,29207750.0,1.0,1.0,6.0,2024.0,8.611369
00-0039338,Brock Bowers,TE,Raiders,2024,4.0,2028.0,4534696.0,18138784.0,18138784.0,1.0,1.0,13.0,2024.0,5.347887
00-0039342,Xavier Legette,WR,Panthers,2024,4.0,2028.0,3089294.0,12357176.0,12357176.0,1.0,1.0,32.0,2024.0,3.643286
00-0039344,Jonathon Brooks,RB,Panthers,2024,4.0,2028.0,2104271.0,8417082.0,6240268.0,0.7413813955952906,2.0,46.0,2024.0,2.481623
00-0039355,Luke McCaffrey,WR,Commanders,2024,4.0,2028.0,1399078.0,5596312.0,890044.0,0.15904116854099626,3.0,100.0,2024.0,1.64997
00-0039356,Ja'Tavion Sanders,TE,Panthers,2024,4.0,2028.0,1261059.0,5044236.0,874236.0,0.17331385763869891,4.0,101.0,2024.0,1.4872
00-0039359,Cade Stover,TE,Texans,2024,4.0,2028.0,1189734.0,4758936.0,738936.0,0.15527336362581887,4.0,123.0,2024.0,1.403085
00-0039361,Bucky Irving,RB,Buccaneers,2024,4.0,2028.0,1187888.0,4751552.0,731552.0,0.15396064275419905,4.0,125.0,2024.0,1.400908
00-0039363,Isaac Guerendo,RB,49ers,2024,4.0,2028.0,1181132.0,4724528.0,704525.0,0.14912071639748986,4.0,129.0,2024.0,1.39294
00-0039364,Sione Vaki,RB,Lions,2024,4.0,2028.0,1137177.0,4548708.0,528708.0,0.11623256537900431,4.0,132.0,2024.0,1.341103
00-0039365,Jacob Cowing,WR,49ers,2024,4.0,2028.0,1137177.0,4548716.0,528708.0,0.11623236095636659,4.0,135.0,2024.0,1.341103
00-0039373,Audric Estime,RB,Saints,2025,2.0,2027.0,1017500.0000000001,2035000.0000000002,0.0,0.0,5.0,147.0,2024.0,1.097676
00-0039376,Spencer Rattler,QB,Saints,2024,4.0,2028.0,1089120.0,4356480.0,336480.0,0.0772366681357426,5.0,150.0,2024.0,1.284428
00-0039379,Jamari Thrash,WR,Browns,2026,1.0,2027.0,1075000.0,1075000.0,0.0,0.0,5.0,156.0,2024.0,1.075
00-0039384,Tyrone Tracy Jr.,RB,Giants,2024,4.0,2028.0,1076588.0,4306352.0,286352.0,0.06649526095405113,5.0,166.0,2024.0,1.269649
00-0039386,Bub Means,WR,Saints,2024,4.0,2028.0,1068569.0,4274276.0,254276.0,0.05948984108653722,5.0,170.0,2024.0,1.260192
00-0039391,Kimani Vidal,RB,Chargers,2026,1.0,2027.0,1075000.0,1075000.0,0.0,0.0,6.0,181.0,2024.0,1.075
00-0039394,Casey Washington,WR,Falcons,2024,4.0,2028.0,1053399.0,4213596.0,193596.0,0.045945553394297886,6.0,187.0,2024.0,1.242301
00-0039397,Tejhaun Palmer,WR,Cardinals,2025,2.0,2027.0,922500.0,1845000.0,0.0,0.0,6.0,191.0,2024.0,0.99519
00-0039398,Joe Milton III,QB,NE/DAL,2024,4.0,2028.0,1050829.0,4203316.0,183316.0,0.043612233769718955,6.0,193.0,2024.0,1.239271
00-0039399,Tanner McLachlan,TE,Chargers,2026,1.0,2027.0,1004999.9999999999,1004999.9999999999,0.0,0.0,6.0,194.0,2024.0,1.005
00-0039405,Jawhar Jordan,RB,Texans,2025,2.0,2027.0,925000.0,1850000.0,0.0,0.0,6.0,205.0,2024.0,0.997887
00-0039407,Dylan Laube,RB,Raiders,2024,4.0,2028.0,1043798.0,4175192.0,155192.0,0.03717002715084719,6.0,208.0,2024.0,1.230979
00-0039410,Ryan Flournoy,WR,Cowboys,2025,2.0,2027.0,1017500.0000000001,2035000.0000000002,0.0,0.0,6.0,216.0,2024.0,1.097676
00-0039415,Brenden Rice,WR,Raiders,2026,1.0,2027.0,1004999.9999999999,1004999.9999999999,0.0,0.0,7.0,225.0,2024.0,1.005
00-0039420,Jaheim Bell,TE,Eagles,2026,2.0,2028.0,1062500.0,2125000.0,0.0,0.0,7.0,231.0,2024.0,1.0625
00-0039424,DeVaughn Vele,WR,DEN/NO,2024,4.0,2028.0,1031120.0,4124480.0,104480.0,0.025331678175188145,7.0,235.0,2024.0,1.216027
00-0039437,Cornelius Johnson,WR,Ravens,2026,1.0,2027.0,885000.0,885000.0,0.0,0.0,7.0,253.0,2024.0,0.885
00-0039451,Isaiah Williams,WR,Jets,2025,2.0,2027.0,1017500.0000000001,2035000.0000000002,0.0,0.0,,,2024.0,1.097676
00-0039456,John Rhys Plumlee,QB,Steelers,2026,1.0,2027.0,885000.0,885000.0,0.0,0.0,,,2024.0,0.885
00-0039458,Brenden Bates,TE,Browns,2026,1.0,2027.0,1075000.0,1075000.0,0.0,0.0,,,2024.0,1.075
00-0039471,Frank Gore Jr.,RB,Bills,2026,2.0,2028.0,967500.0,1935000.0,0.0,0.0,,,2024.0,0.9675
00-0039473,Xavier Johnson,WR,Bengals,2026,1.0,2027.0,885000.0,885000.0,0.0,0.0,,,2024.0,0.885
00-0039489,Hayden Rucci,TE,49ers,2026,1.0,2027.0,1004999.9999999999,1004999.9999999999,0.0,0.0,,,2024.0,1.005
00-0039491,Jalen Coker,WR,Panthers,2026,1.0,2027.0,1075000.0,1075000.0,0.0,0.0,,,2024.0,1.075
00-0039505,John Jiles,WR,Patriots,2026,1.0,2027.0,885000.0,885000.0,0.0,0.0,,,2024.0,0.885
00-0039518,Treyton Welch,TE,Saints,2025,3.0,2028.0,988333.0,2965000.0,0.0,0.0,,,2024.0,1.06621
00-0039521,Xavier Weaver,WR,Cardinals,2024,3.0,2027.0,953333.0,2860000.0,255000.0,0.08916083916083917,,,2024.0,1.124291
00-0039530,Brevyn Spann-Ford,TE,Cowboys,2024,3.0,2027.0,950000.0,2850000.0,245000.0,0.08596491228070174,,,2024.0,1.12036
00-0039534,Carter Bradley,QB,Jaguars,2026,1.0,2027.0,1004999.9999999999,1004999.9999999999,0.0,0.0,,,2024.0,1.005
00-0039573,Blake Watson,RB,Titans,2026,2.0,2028.0,1062500.0,2125000.0,0.0,0.0,,,2024.0,1.0625
00-0039577,Kedon Slovis,QB,Cardinals,2025,2.0,2027.0,922500.0,1845000.0,0.0,0.0,,,2024.0,0.99519
00-0039589,Kameron Johnson,WR,Buccaneers,2024,3.0,2027.0,946667.0,2840000.0,10000.0,0.0035211267605633804,,,2024.0,1.11643
00-0039603,British Brooks,RB,Texans,2024,3.0,2027.0,948333.0,2845000.0,240000.0,0.08435852372583479,,,2024.0,1.118394
00-0039623,Mason Tipton,WR,Saints,2024,3.0,2027.0,946667.0,2840000.0,110000.0,0.03873239436619719,,,2024.0,1.11643
00-0039626,Cole Burgess,WR,Steelers,2026,1.0,2027.0,885000.0,885000.0,0.0,0.0,,,2024.0,0.885
00-0039631,Cam Grandy,TE,Bengals,2026,1.0,2027.0,1075000.0,1075000.0,0.0,0.0,,,2024.0,1.075
00-0039648,David Martin-Robinson,TE,Titans,2024,3.0,2027.0,945833.0,2837500.0,17500.0,0.00616740088105727,,,2024.0,1.115446
00-0039650,Bryce Oliver,WR,Titans,2026,1.0,2027.0,1075000.0,1075000.0,0.0,0.0,,,2024.0,1.075
00-0039652,Jabari Small,RB,Lions,2026,1.0,2027.0,885000.0,885000.0,0.0,0.0,,,2024.0,0.885
00-0039677,Sam Hartman,QB,Commanders,2025,2.0,2027.0,1017500.0000000001,2035000.0000000002,0.0,0.0,,,2024.0,1.097676
00-0039684,Michael Wiley,RB,Buccaneers,2026,2.0,2028.0,967500.0,1935000.0,0.0,0.0,,,2024.0,0.9675
00-0039686,Colson Yankoff,RB,Commanders,2024,3.0,2027.0,946667.0,2840000.0,50000.0,0.017605633802816902,,,2024.0,1.11643
00-0039703,Cody Schrader,RB,Broncos,2026,1.0,2027.0,1075000.0,1075000.0,0.0,0.0,,,2024.0,1.075
00-0039710,Jeshaun Jones,WR,Vikings,2026,1.0,2027.0,885000.0,885000.0,0.0,0.0,,,2024.0,0.885
00-0039722,JaQuae Jackson,WR,Chargers,2026,1.0,2027.0,885000.0,885000.0,0.0,0.0,,,2024.0,0.885
00-0039730,Isaiah Wooden,WR,Browns,2026,1.0,2027.0,885000.0,885000.0,0.0,0.0,,,2024.0,0.885
00-0039732,Bo Nix,QB,Broncos,2024,4.0,2028.0,4653292.0,18613166.0,18613166.0,1.0,1.0,12.0,2024.0,5.487751
00-0039737,Tip Reiman,TE,Cardinals,2024,4.0,2028.0,1447478.0,5789912.0,1030844.0000000001,0.1780413933752361,3.0,82.0,2024.0,1.707049
00-0039738,Blake Corum,RB,Rams,2024,4.0,2028.0,1440941.0,5763762.0,1011828.0,0.17554992728707397,3.0,83.0,2024.0,1.69934
00-0039739,Roman Wilson,WR,Steelers,2024,4.0,2028.0,1436292.0,5745168.0,998304.0,0.17376410924798022,3.0,84.0,2024.0,1.693857
00-0039746,Will Shipley,RB,Eagles,2024,4.0,2028.0,1184241.0,4736964.0,716964.0,0.15135517179357919,4.0,127.0,2024.0,1.396607
00-0039747,Ainias Smith,WR,Panthers,2026,1.0,2027.0,1004999.9999999999,1004999.9999999999,0.0,0.0,5.0,152.0,2024.0,1.005
00-0039751,Jordan Whittington,WR,Rams,2024,4.0,2028.0,1039597.0000000001,4158388.0000000005,138388.0,0.03327924186006693,6.0,213.0,2024.0,1.226024
00-0039754,Devin Culp,TE,Buccaneers,2024,4.0,2028.0,1026546.0,4106184.0,86184.0,0.020988830505403556,7.0,246.0,2024.0,1.210633
00-0039757,Terrell Jennings,RB,Patriots,2025,2.0,2027.0,1017500.0000000001,2035000.0000000002,0.0,0.0,,,2024.0,1.097676
00-0039792,Devontez Walker,WR,Ravens,2024,4.0,2028.0,1204463.0,4817852.0,797852.0,0.16560326054017432,4.0,113.0,2024.0,1.420455
00-0039793,A.J. Barner,TE,Seahawks,2024,4.0,2028.0,1193777.0,4775108.0,755108.0,0.1581342243986942,4.0,121.0,2024.0,1.407853
00-0039794,Braelon Allen,RB,Jets,2024,4.0,2028.0,1137177.0,4548708.0,528708.0,0.11623256537900431,4.0,134.0,2024.0,1.341103
00-0039796,Rasheen Ali,RB,Ravens,2024,4.0,2028.0,1077467.0,4309868.0,289868.0,0.06725681621803731,5.0,165.0,2024.0,1.270685
00-0039798,Isaiah Davis,RB,Jets,2024,4.0,2028.0,1068569.0,4274276.0,254276.0,0.05948984108653722,5.0,173.0,2024.0,1.260192
00-0039811,MarShawn Lloyd,RB,Packers,2024,4.0,2028.0,1422130.0,5688518.0,957104.0,0.16825190673563833,3.0,88.0,2024.0,1.677156
00-0039814,Erick All,TE,Bengals,2024,4.0,2028.0,1203276.0,4813104.0,793104.0,0.16478015018998135,4.0,115.0,2024.0,1.419055
00-0039816,Anthony Gould,WR,Colts,2024,4.0,2028.0,1093166.0,4372664.0,352664.0,0.08065197783319275,5.0,142.0,2024.0,1.2892
00-0039824,Jared Wiley,TE,Chiefs,2024,4.0,2028.0,1177155.0,4708620.0,688620.0,0.14624667099914626,4.0,131.0,2024.0,1.38825
00-0039843,Qadir Ismail,WR,Bears,2026,1.0,2027.0,885000.0,885000.0,0.0,0.0,,,2024.0,0.885
00-0039847,Theo Johnson,TE,Giants,2024,4.0,2028.0,1212859.0,4851436.0,831436.0,0.1713793606676456,4.0,107.0,2024.0,1.430357
00-0039849,Marvin Harrison Jr.,WR,Cardinals,2024,4.0,2028.0,8843686.0,35374742.0,35374742.0,1.0,1.0,4.0,2024.0,10.429594
00-0039851,Drake Maye,QB,Patriots,2024,4.0,2028.0,9159941.0,36639764.0,36639764.0,1.0,1.0,3.0,2024.0,10.802562
00-0039855,Jalen McMillan,WR,Buccaneers,2024,4.0,2028.0,1415756.0,5663024.0,938564.0,0.16573547984257173,3.0,92.0,2024.0,1.669639
00-0039868,Troy Franklin,WR,Broncos,2024,4.0,2028.0,1222459.0,4889836.0,854836.0,0.17481895098322317,4.0,102.0,2024.0,1.441678
00-0039874,Jaylen Wright,RB,Dolphins,2024,4.0,2028.0,1195005.0,4780020.0,760020.0,0.158999334730817,4.0,120.0,2024.0,1.409301
00-0039875,Ray Davis,RB,Bills,2024,4.0,2028.0,1183297.0,4733188.0,713188.0,0.15067814758255957,4.0,128.0,2024.0,1.395494
00-0039880,Malik Washington,WR,Dolphins,2024,4.0,2028.0,1054890.0,4219560.0,199560.0,0.047294030657224914,6.0,184.0,2024.0,1.24406
00-0039884,Tahj Washington,WR,Dolphins,2024,4.0,2028.0,1027598.9999999999,4110395.9999999995,90396.0,0.02199204164270304,7.0,241.0,2024.0,1.211875
00-0039890,Adonai Mitchell,WR,IND/NYJ,2024,4.0,2028.0,1846522.0,7386086.0,4817431.0,0.6522305589184854,2.0,52.0,2024.0,2.177652
00-0039893,Brian Thomas Jr.,WR,Jaguars,2024,4.0,2028.0,3664995.0,14659978.0,14659978.0,1.0,1.0,23.0,2024.0,4.322226
00-0039894,Xavier Worthy,WR,Chiefs,2024,4.0,2028.0,3447566.0,13790264.0,13790264.0,1.0,1.0,28.0,2024.0,4.065806
00-0039901,Keon Coleman,WR,Bills,2024,4.0,2028.0,2518565.0,10074258.0,9640495.0,0.9569434294813572,2.0,33.0,2024.0,2.970211
00-0039907,Ja'Lynn Polk,WR,NE/NO,2024,4.0,2028.0,2423686.0,9694744.0,8214275.000000001,0.8472915839758122,2.0,37.0,2024.0,2.858317
00-0039910,Jayden Daniels,QB,Commanders,2024,4.0,2028.0,9436663.0,37746650.0,37746650.0,1.0,1.0,2.0,2024.0,11.128907
00-0039912,Ben Sinnott,TE,Commanders,2024,4.0,2028.0,1806988.0,7227950.0,4597851.0,0.6361210301676132,2.0,53.0,2024.0,2.131029
00-0039915,Ladd McConkey,WR,Chargers,2024,4.0,2028.0,2498797.0,9995186.0,9185943.0,0.9190367242790679,2.0,34.0,2024.0,2.946898
00-0039916,Ricky Pearsall,WR,49ers,2024,4.0,2028.0,3134600.0,12538398.0,12538398.0,1.0,1.0,31.0,2024.0,3.696717
00-0039917,Michael Penix Jr.,QB,Falcons,2024,4.0,2028.0,5720659.0,22882636.0,22882636.0,1.0,1.0,8.0,2024.0,6.746525
00-0039918,Caleb Williams,QB,Bears,2024,4.0,2028.0,9871515.0,39486058.0,39486058.0,1.0,1.0,1.0,2024.0,11.64174
00-0039919,Rome Odunze,WR,Bears,2024,4.0,2028.0,5681125.0,22724500.0,22724500.0,1.0,1.0,9.0,2024.0,6.699902
00-0039920,Malachi Corley,WR,Browns,2026,1.0,2027.0,1075000.0,1075000.0,0.0,0.0,3.0,65.0,2024.0,1.075
00-0039921,Trey Benson,RB,Cardinals,2024,4.0,2028.0,1514902.0,6059606.0,1226984.0,0.202485772177267,3.0,66.0,2024.0,1.786564
00-0039923,J.J. McCarthy,QB,Vikings,2024,4.0,2028.0,5463699.0,21854796.0,21854796.0,1.0,1.0,10.0,2024.0,6.443485
00-0040004,TJ Maguranyanga,TE,Commanders,2026,1.0,2027.0,885000.0,885000.0,0.0,0.0,,,2025.0,0.885
00-0040009,Savion Williams,WR,Packers,2025,4.0,2029.0,1573114.0,6292454.0,1216328.0,0.1932994663131427,3.0,87.0,2025.0,1.69707
00-0040014,Kyle McCord,QB,Packers,2026,1.0,2027.0,885000.0,885000.0,0.0,0.0,6.0,181.0,2025.0,0.885
00-0040021,Phil Mafah,RB,Cowboys,2025,4.0,2029.0,1077883.0,4311532.0,111532.0,0.025868299249547495,7.0,239.0,2025.0,1.162816
00-0040024,Darius Cooper,WR,Eagles,2025,3.0,2028.0,993333.0,2980000.0,90000.0,0.030201342281879193,,,2025.0,1.071604
00-0040028,Montrell Johnson Jr.,RB,Panthers,2026,1.0,2027.0,885000.0,885000.0,0.0,0.0,,,2025.0,0.885
00-0040032,ShunDerrick Powell,RB,Chiefs,2026,1.0,2027.0,885000.0,885000.0,0.0,0.0,,,2025.0,0.885
00-0040039,Amar Johnson,RB,Chargers,2026,1.0,2027.0,885000.0,885000.0,0.0,0.0,,,2025.0,0.885
00-0040046,Rivaldo Fairweather,TE,Cardinals,2025,2.0,2027.0,922500.0,1845000.0,0.0,0.0,,,2025.0,0.99519
00-0040048,Traeshon Holden,WR,Cowboys,2026,2.0,2028.0,967500.0,1935000.0,0.0,0.0,,,2025.0,0.9675
00-0040049,Josh Kelly,WR,Texans,2026,1.0,2027.0,885000.0,885000.0,0.0,0.0,,,2025.0,0.885
00-0040053,Tyrone Broden,WR,Seahawks,2026,1.0,2027.0,885000.0,885000.0,0.0,0.0,,,2025.0,0.885
00-0040058,Nick Kallerup,TE,Seahawks,2025,3.0,2028.0,996667.0,2990000.0,259000.0,0.08662207357859532,,,2025.0,1.075201
00-0040060,Marshall Lang,TE,Patriots,2026,1.0,2027.0,885000.0,885000.0,0.0,0.0,,,2025.0,0.885
00-0040067,Jacardia Wright,RB,Seahawks,2026,1.0,2027.0,885000.0,885000.0,0.0,0.0,,,2025.0,0.885
00-0040075,LaJohntay Wester,WR,Ravens,2025,4.0,2029.0,1103717.0,4414868.0,214868.0,0.048669178784054246,6.0,203.0,2025.0,1.190686
00-0040078,Brashard Smith,RB,Chiefs,2025,4.0,2029.0,1083369.0,4333476.0,133476.0,0.030801139777859622,7.0,228.0,2025.0,1.168735
00-0040081,Jake Briningstool,TE,Chiefs,2025,3.0,2028.0,998333.0,2995000.0,264000.0,0.08814691151919866,,,2025.0,1.076998
00-0040086,Mac Dalena,WR,Jets,2026,2.0,2028.0,967500.0,1935000.0,0.0,0.0,,,2025.0,0.9675
00-0040094,Tre Watson,TE,Chiefs,2026,1.0,2027.0,885000.0,885000.0,0.0,0.0,,,2025.0,0.885
00-0040120,Jimmy Holiday,WR,Chiefs,2026,1.0,2027.0,885000.0,885000.0,0.0,0.0,,,2025.0,0.885
00-0040122,Ashton Jeanty,RB,Raiders,2025,4.0,2029.0,8973953.0,35895812.0,35895812.0,1.0,1.0,6.0,2025.0,9.68107
00-0040124,Tetairoa McMillan,WR,Panthers,2025,4.0,2029.0,6982598.0,27930390.0,27930390.0,1.0,1.0,8.0,2025.0,7.532803
00-0040126,Colston Loveland,TE,Bears,2025,4.0,2029.0,6659002.0,26636008.0,26636008.0,1.0,1.0,10.0,2025.0,7.183708
00-0040128,Tyler Warren,TE,Colts,2025,4.0,2029.0,5240163.0,20960650.0,20960650.0,1.0,1.0,14.0,2025.0,5.65307
00-0040129,Emeka Egbuka,WR,Buccaneers,2025,4.0,2029.0,4543183.0,18172730.0,18172730.0,1.0,1.0,19.0,2025.0,4.90117
00-0040130,Jayden Higgins,WR,Texans,2025,4.0,2029.0,2925206.0,11700824.0,11700824.0,1.0,2.0,34.0,2025.0,3.155702
00-0040131,Kyle Williams,WR,Patriots,2025,4.0,2029.0,1675893.0,6703572.0,1515324.0,0.2260472476464786,3.0,69.0,2025.0,1.807948
00-0040134,Pat Bryant,WR,Broncos,2025,4.0,2029.0,1645270.0,6581080.0,1426240.0,0.21671822861901086,3.0,74.0,2025.0,1.774912
00-0040138,Jaylin Noel,WR,Texans,2025,4.0,2029.0,1616714.0,6466856.0,1343168.0,0.20770031063008051,3.0,79.0,2025.0,1.744106
00-0040142,Kaleb Johnson,RB,Steelers,2025,4.0,2029.0,1593016.0,6372062.0,1274228.0,0.19997106117297667,3.0,83.0,2025.0,1.71854
00-0040154,Tai Felton,WR,Vikings,2025,4.0,2029.0,1540296.0,6161184.0,1120860.0,0.18192282522320383,3.0,102.0,2025.0,1.661666
00-0040162,Dylan Sampson,RB,Browns,2025,4.0,2029.0,1282641.0,5130564.0,930564.0,0.18137655041434042,4.0,126.0,2025.0,1.383709
00-0040164,Jaylin Lane,WR,Commanders,2025,4.0,2029.0,1278460.0,5113840.0,913840.0,0.17869937268275896,4.0,128.0,2025.0,1.379198
00-0040170,Elic Ayomanor,WR,Titans,2025,4.0,2029.0,1216454.0,4865816.0,665816.0,0.13683542493181,4.0,136.0,2025.0,1.312306
00-0040172,Jordan Watkins,WR,49ers,2025,4.0,2029.0,1216454.0,4865816.0,665816.0,0.13683542493181,4.0,138.0,2025.0,1.312306
00-0040177,Jordan James,RB,49ers,2025,4.0,2029.0,1159921.0,4639684.0,439684.0,0.09476593664568536,5.0,147.0,2025.0,1.251319
00-0040179,DJ Giddens,RB,Colts,2025,4.0,2029.0,1156186.0,4624744.0,424744.0,0.09184162409854471,5.0,151.0,2025.0,1.247289
00-0040184,KeAndre Lambert-Smith,WR,Chargers,2025,4.0,2029.0,1152001.0,4608004.0,408004.0,0.08854245786244977,5.0,158.0,2025.0,1.242775
00-0040187,Mitchell Evans,TE,Panthers,2025,4.0,2029.0,1147742.0,4590968.0,390968.0,0.08516025378525835,5.0,163.0,2025.0,1.23818
00-0040189,Oronde Gadsden II,TE,Chargers,2025,4.0,2029.0,1143509.0,4574036.0,374036.0,0.08177373330686509,5.0,165.0,2025.0,1.233614
00-0040194,Jackson Hawes,TE,Bills,2025,4.0,2029.0,1130054.0,4520216.0,320216.0,0.07084086247205887,5.0,173.0,2025.0,1.219098
00-0040198,Ollie Gordon II,RB,Dolphins,2025,4.0,2029.0,1118166.0,4472664.0,272664.0,0.06096232580851144,6.0,179.0,2025.0,1.206274
00-0040202,Devin Neal,RB,Saints,2025,4.0,2029.0,1112828.0,4451312.0,251311.99999999997,0.05645796115841801,6.0,184.0,2025.0,1.200515
00-0040203,Will Howard,QB,Steelers,2025,4.0,2029.0,1112025.0,4448100.0,248100.0,0.05577662372698455,6.0,185.0,2025.0,1.199649
00-0040205,Kalel Mullings,RB,Titans,2025,4.0,2029.0,1109627.0,4438508.0,238508.0,0.053736075275745816,6.0,188.0,2025.0,1.197062
00-0040206,Riley Leonard,QB,Colts,2025,4.0,2029.0,1108811.0,4435244.0,235244.0,0.05303969747774869,6.0,189.0,2025.0,1.196181
00-0040208,Tahj Brooks,RB,Bengals,2025,4.0,2029.0,1107714.0,4430856.0,230856.0,0.05210189633786338,6.0,193.0,2025.0,1.194998
00-0040211,Graham Mertz,QB,Texans,2025,4.0,2029.0,1107121.0,4428484.0,228484.0,0.0515941798592927,6.0,197.0,2025.0,1.194358
00-0040215,Gavin Bartholomew,TE,Vikings,2025,4.0,2029.0,1103956.0,4415824.0,215824.0,0.048875136327897126,6.0,202.0,2025.0,1.190944
00-0040218,Jimmy Horn Jr.,WR,Panthers,2025,4.0,2029.0,1098860.0,4395440.0,195440.0,0.044464262963434836,6.0,208.0,2025.0,1.185446
00-0040222,Cam Miller,QB,Dolphins,2025,2.0,2027.0,922500.0,1845000.0,0.0,0.0,6.0,215.0,2025.0,0.99519
00-0040225,Thomas Fidone II,TE,Giants,2025,4.0,2029.0,1087379.0,4349516.0,149516.0,0.034375319001010686,7.0,219.0,2025.0,1.173061
00-0040234,Quinn Ewers,QB,Dolphins,2025,4.0,2029.0,1082894.0,4331576.0,131576.0,0.030376010948440012,7.0,231.0,2025.0,1.168222
00-0040236,Kyle Monangai,RB,Bears,2025,4.0,2029.0,1082035.0,4328140.0,128140.0,0.029606251184111417,7.0,233.0,2025.0,1.167296
00-0040237,Tez Johnson,WR,Buccaneers,2025,4.0,2029.0,1080985.0,4323940.0,123940.0,0.028663672483892004,7.0,235.0,2025.0,1.166163
00-0040238,LeQuint Allen,RB,Jaguars,2025,4.0,2029.0,1079689.0,4318756.0,118756.0,0.02749773314352559,7.0,236.0,2025.0,1.164765
00-0040240,Caleb Lohner,TE,Broncos,2026,2.0,2028.0,967500.0,1935000.0,0.0,0.0,7.0,241.0,2025.0,0.9675
00-0040241,Dominic Lovett,WR,Lions,2025,4.0,2029.0,1076693.0,4306772.0,106772.0,0.024791653702587464,7.0,244.0,2025.0,1.161533
00-0040242,Jacory Croskey-Merritt,RB,Commanders,2025,4.0,2029.0,1076357.0,4305428.0,105428.0,0.024487228679703852,7.0,245.0,2025.0,1.16117
00-0040244,Moliki Matavao,TE,Saints,2025,2.0,2027.0,922500.0,1845000.0,0.0,0.0,7.0,248.0,2025.0,0.99519
00-0040247,Junior Bergen,WR,49ers,2026,1.0,2027.0,885000.0,885000.0,0.0,0.0,7.0,252.0,2025.0,0.885
00-0040250,Luke Lachey,TE,Texans,2026,1.0,2027.0,885000.0,885000.0,0.0,0.0,7.0,255.0,2025.0,0.885
00-0040259,Gage Larvadain,WR,Browns,2025,2.0,2027.0,922500.0,1845000.0,0.0,0.0,,,2025.0,0.99519
00-0040260,Ahmani Marshall,RB,Browns,2026,1.0,2027.0,885000.0,885000.0,0.0,0.0,,,2025.0,0.885
00-0040265,Jaseem Reed,WR,Panthers,2026,1.0,2027.0,885000.0,885000.0,0.0,0.0,,,2025.0,0.885
00-0040272,Deion Hankins,RB,Bears,2025,3.0,2028.0,988333.0,2965000.0,0.0,0.0,,,2025.0,1.06621
00-0040275,J.P. Richardson,WR,Bears,2026,1.0,2027.0,885000.0,885000.0,0.0,0.0,,,2025.0,0.885
00-0040277,Jahdae Walker,WR,Bears,2025,3.0,2028.0,995000.0,2985000.0,170000.0,0.056951423785594646,,,2025.0,1.073403
00-0040292,Bryce Pierre,TE,Panthers,2026,1.0,2027.0,885000.0,885000.0,0.0,0.0,,,2025.0,0.885
00-0040298,Andrew Armstrong,WR,Chiefs,2026,1.0,2027.0,885000.0,885000.0,0.0,0.0,,,2025.0,0.885
00-0040301,Jalin Conyers,TE,Dolphins,2025,3.0,2028.0,993333.0,2980000.0,115000.0,0.03859060402684564,,,2025.0,1.071604
00-0040302,A.J. Henning,WR,Dolphins,2026,2.0,2028.0,967500.0,1935000.0,0.0,0.0,,,2025.0,0.9675
00-0040311,Theo Wease Jr.,WR,Dolphins,2025,2.0,2027.0,922500.0,1845000.0,0.0,0.0,,,2025.0,0.99519
00-0040315,Ja'Corey Brooks,WR,Commanders,2026,1.0,2027.0,885000.0,885000.0,0.0,0.0,,,2025.0,0.885
00-0040317,Jacoby Jones,WR,Commanders,2026,1.0,2027.0,885000.0,885000.0,0.0,0.0,,,2025.0,0.885
00-0040323,Chandler Brayboy,WR,Jaguars,2026,1.0,2027.0,885000.0,885000.0,0.0,0.0,,,2025.0,0.885
00-0040330,Seth Henigan,QB,Colts,2026,1.0,2027.0,885000.0,885000.0,0.0,0.0,,,2025.0,0.885
00-0040331,Patrick Herbert,TE,Jaguars,2026,1.0,2027.0,918667.0,918667.0,33667.0,0.036647664496493294,,,2025.0,0.918667
00-0040332,Ja'Quinden Jackson,RB,Jaguars,2026,1.0,2027.0,885000.0,885000.0,0.0,0.0,,,2025.0,0.885
00-0040337,Eli Pancol,WR,Colts,2026,1.0,2027.0,885000.0,885000.0,0.0,0.0,,,2025.0,0.885
00-0040352,Coleman Owen,WR,Colts,2026,1.0,2027.0,885000.0,885000.0,0.0,0.0,,,2025.0,0.885
00-0040361,Stephen Gosnell,WR,Bills,2026,2.0,2028.0,971750.0,1943500.0,8500.0,0.004373552868536147,,,2025.0,0.97175
00-0040363,Keleki Latu,TE,Bills,2025,3.0,2028.0,988333.0,2965000.0,0.0,0.0,,,2025.0,1.06621
00-0040375,Jordan Moore,WR,Bengals,2026,1.0,2027.0,885000.0,885000.0,0.0,0.0,,,2025.0,0.885
00-0040383,Bryson Green,WR,Cardinals,2026,1.0,2027.0,885000.0,885000.0,0.0,0.0,,,2025.0,0.885
00-0040387,Zach Horton,TE,Lions,2026,1.0,2027.0,885000.0,885000.0,0.0,0.0,,,2025.0,0.885
00-0040388,Jakobie Keeney-James,WR,Packers,2025,2.0,2027.0,922500.0,1845000.0,0.0,0.0,,,2025.0,0.99519
00-0040390,Jackson Meeks,WR,Lions,2026,1.0,2027.0,885000.0,885000.0,0.0,0.0,,,2025.0,0.885
00-0040393,Kye Robichaux,RB,Lions,2025,3.0,2028.0,990000.0,2970000.0,50000.0,0.016835016835016835,,,2025.0,1.068009
00-0040394,Anthony Tyus III,RB,Panthers,2026,1.0,2027.0,885000.0,885000.0,0.0,0.0,,,2025.0,0.885
00-0040398,Brady Cook,QB,Jets,2025,2.0,2027.0,922500.0,1845000.0,0.0,0.0,,,2025.0,0.99519
00-0040400,Donovan Edwards,RB,Dolphins,2025,3.0,2028.0,988333.0,2965000.0,0.0,0.0,,,2025.0,1.06621
00-0040405,Jamaal Pritchett,WR,Jets,2026,2.0,2028.0,967500.0,1935000.0,0.0,0.0,,,2025.0,0.9675
00-0040406,Quentin Skinner,WR,Jets,2025,3.0,2028.0,988333.0,2965000.0,0.0,0.0,,,2025.0,1.06621
00-0040415,Connor Bazelak,QB,Buccaneers,2026,1.0,2027.0,1004999.9999999999,1004999.9999999999,0.0,0.0,,,2025.0,1.005
00-0040419,Garrett Greene,QB,Buccaneers,2026,2.0,2028.0,985000.0,1970000.0,35000.0,0.017766497461928935,,,2025.0,0.985
00-0040429,Josh Williams,RB,Buccaneers,2026,2.0,2028.0,1062500.0,2125000.0,0.0,0.0,,,2025.0,1.0625
00-0040431,Dalen Cambre,WR,Giants,2025,2.0,2027.0,922500.0,1845000.0,0.0,0.0,,,2025.0,0.99519
00-0040432,Beaux Collins,WR,Giants,2025,3.0,2028.0,1000332.9999999999,3001000.0,270000.0,0.0899700099966678,,,2025.0,1.079156
00-0040443,Joaquin Davis,WR,Vikings,2026,1.0,2027.0,885000.0,885000.0,0.0,0.0,,,2025.0,0.885
00-0040445,Courtney Jackson,WR,Giants,2026,1.0,2027.0,885000.0,885000.0,0.0,0.0,,,2025.0,0.885
00-0040456,Da'Quan Felton,WR,Giants,2025,3.0,2028.0,998333.0,2995000.0,264000.0,0.08814691151919866,,,2025.0,1.076998
00-0040461,Luke Grimm,WR,Chargers,2026,1.0,2027.0,885000.0,885000.0,0.0,0.0,,,2025.0,0.885
00-0040464,DJ Uiagalelei,QB,Chargers,2026,1.0,2027.0,885000.0,885000.0,0.0,0.0,,,2025.0,0.885
00-0040466,Raheim Sanders,RB,Browns,2025,3.0,2028.0,990000.0,2970000.0,60000.0,0.0202020202020202,,,2025.0,1.068009
00-0040476,Ulysses Bentley IV,RB,Colts,2026,1.0,2027.0,885000.0,885000.0,0.0,0.0,,,2025.0,0.885
00-0040488,Carter Runyon,TE,Raiders,2025,2.0,2027.0,922500.0,1845000.0,0.0,0.0,,,2025.0,0.99519
00-0040494,Max Brosmer,QB,Vikings,2025,3.0,2028.0,991667.0,2975000.0,244000.0,0.08201680672268907,,,2025.0,1.069807
00-0040498,Dontae Fleming,WR,Vikings,2026,1.0,2027.0,885000.0,885000.0,0.0,0.0,,,2025.0,0.885
00-0040504,Bryson Nesbit,TE,Vikings,2026,1.0,2027.0,885000.0,885000.0,0.0,0.0,,,2025.0,0.885
00-0040506,Myles Price,WR,Vikings,2025,3.0,2028.0,988333.0,2965000.0,0.0,0.0,,,2025.0,1.06621
00-0040509,Ben Yurosek,TE,Vikings,2025,3.0,2028.0,995000.0,2985000.0,254000.0,0.08509212730318258,,,2025.0,1.073403
00-0040522,Xavier Restrepo,WR,Titans,2026,2.0,2028.0,967500.0,1935000.0,0.0,0.0,,,2025.0,0.9675
00-0040528,J.J. Galbreath,TE,Steelers,2026,1.0,2027.0,885000.0,885000.0,0.0,0.0,,,2025.0,0.885
00-0040534,Ke'Shawn Williams,WR,Bengals,2025,2.0,2027.0,922500.0,1845000.0,0.0,0.0,,,2025.0,0.99519
00-0040547,Nate Carter,RB,Falcons,2025,3.0,2028.0,993333.0,2980000.0,171000.0,0.05738255033557047,,,2025.0,1.071604
00-0040551,Nick Nash,WR,Commanders,2026,1.0,2027.0,885000.0,885000.0,0.0,0.0,,,2025.0,0.885
00-0040552,Joshua Simon,TE,Falcons,2026,1.0,2027.0,885000.0,885000.0,0.0,0.0,,,2025.0,0.885
00-0040556,Corey Kiner,RB,Cardinals,2025,2.0,2027.0,922500.0,1845000.0,0.0,0.0,,,2025.0,0.99519
00-0040558,Isaiah Neyor,WR,Packers,2026,1.0,2027.0,885000.0,885000.0,0.0,0.0,,,2025.0,0.885
00-0040563,Efton Chism III,WR,Patriots,2025,3.0,2028.0,996667.0,2990000.0,259000.0,0.08662207357859532,,,2025.0,1.075201
00-0040566,CJ Dippre,TE,Patriots,2025,2.0,2027.0,922500.0,1845000.0,0.0,0.0,,,2025.0,0.99519
00-0040567,Brock Lampe,TE,Patriots,2025,3.0,2028.0,993333.0,2980000.0,55000.0,0.018456375838926176,,,2025.0,1.071604
00-0040568,Lan Larison,RB,Patriots,2025,3.0,2028.0,996667.0,2990000.0,175000.0,0.058528428093645474,,,2025.0,1.075201
00-0040570,Jeremiah Webb,WR,Patriots,2026,1.0,2027.0,885000.0,885000.0,0.0,0.0,,,2025.0,0.885
00-0040581,Dont'e Thornton Jr.,WR,Raiders,2025,4.0,2029.0,1312725.0,5250900.0,1050900.0,0.2001371193509684,4.0,108.0,2025.0,1.416163
00-0040582,Arian Smith,WR,Jets,2025,4.0,2029.0,1310413.0,5241652.0,1041652.0,0.19872589786578734,4.0,110.0,2025.0,1.413669
00-0040583,Woody Marks,RB,Texans,2025,4.0,2029.0,1300942.0,5203768.0,1003768.0,0.1928925347940185,4.0,116.0,2025.0,1.403452
00-0040584,Gunnar Helm,TE,Titans,2025,4.0,2029.0,1293227.0,5172908.0,972908.0,0.18807757648115916,4.0,120.0,2025.0,1.395129
00-0040586,Jaydon Blue,RB,Cowboys,2025,4.0,2029.0,1156767.0,4627068.0,427068.0,0.09229775745677392,5.0,149.0,2025.0,1.247916
00-0040589,Kurtis Rourke,QB,49ers,2025,4.0,2029.0,1083559.0,4334236.0,134236.0,0.0309710869458885,7.0,227.0,2025.0,1.16894
00-0040590,Konata Mumpfield,WR,Rams,2025,4.0,2029.0,1077134.0,4308536.0,108536.0,0.025190923320589635,7.0,242.0,2025.0,1.162008
00-0040597,Brennan Presley,WR,Rams,2026,2.0,2028.0,967500.0,1935000.0,0.0,0.0,,,2025.0,0.9675
00-0040598,Mark Redman,TE,Rams,2026,2.0,2028.0,967500.0,1935000.0,0.0,0.0,,,2025.0,0.9675
00-0040601,Jordan Waters,RB,Rams,2026,2.0,2028.0,967500.0,1935000.0,0.0,0.0,,,2025.0,0.9675
00-0040603,Mario Williams,WR,Rams,2026,2.0,2028.0,967500.0,1935000.0,0.0,0.0,,,2025.0,0.9675
00-0040609,Tru Edwards,WR,Rams,2026,2.0,2028.0,967500.0,1935000.0,0.0,0.0,,,2025.0,0.9675
00-0040617,Luke Floriea,WR,Browns,2026,1.0,2027.0,885000.0,885000.0,0.0,0.0,,,2025.0,0.885
00-0040621,Montorie Foster,WR,Seahawks,2026,1.0,2027.0,885000.0,885000.0,0.0,0.0,,,2025.0,0.885
00-0040628,Drake Dabney,TE,Packers,2026,1.0,2027.0,885000.0,885000.0,0.0,0.0,,,2025.0,0.885
00-0040629,Dalevon Campbell,WR,Chargers,2026,1.0,2027.0,885000.0,885000.0,0.0,0.0,,,2025.0,0.885
00-0040644,Trevor Etienne,RB,Panthers,2025,4.0,2029.0,1302186.0,5208744.0,1008744.0000000001,0.19366357801420075,4.0,114.0,2025.0,1.404794
00-0040646,Jalen Royals,WR,Chiefs,2025,4.0,2029.0,1266800.0,5067200.0,867200.0,0.17113988001263025,4.0,133.0,2025.0,1.366619
00-0040648,Tory Horton,WR,Seahawks,2025,4.0,2029.0,1141260.0,4565040.0,365040.0,0.0799642500394301,5.0,166.0,2025.0,1.231187
00-0040649,Robbie Ouzts,TE,Seahawks,2025,4.0,2029.0,1130054.0,4520216.0,320216.0,0.07084086247205887,5.0,175.0,2025.0,1.219098
00-0040651,Damien Martinez,RB,Packers,2026,1.0,2027.0,885000.0,885000.0,0.0,0.0,7.0,223.0,2025.0,0.885
00-0040653,Ricky White,WR,Seahawks,2026,1.0,2027.0,885000.0,885000.0,0.0,0.0,7.0,238.0,2025.0,0.885
00-0040663,Harold Fannin Jr.,TE,Browns,2025,4.0,2029.0,1685722.0,6742886.0,1543916.0,0.22896961330801083,3.0,67.0,2025.0,1.818551
00-0040666,Omarion Hampton,RB,Chargers,2025,4.0,2029.0,4443616.0,17774464.0,17774464.0,1.0,1.0,22.0,2025.0,4.793758
00-0040667,Matthew Golden,WR,Packers,2025,4.0,2029.0,4393835.0,17575338.0,17575338.0,1.0,1.0,23.0,2025.0,4.740054
00-0040668,Shedeur Sanders,QB,Browns,2025,4.0,2029.0,1161845.0,4647380.0,447380.0,0.09626499231825243,5.0,144.0,2025.0,1.253394
00-0040669,Isaac TeSlaa,WR,Lions,2025,4.0,2029.0,1666113.0,6664452.0,1486872.0,0.22310491545291347,3.0,70.0,2025.0,1.797397
00-0040673,Jalen Milroe,QB,Seahawks,2025,4.0,2029.0,1566022.0,6264086.0,1195700.0,0.19088179823840223,3.0,92.0,2025.0,1.689419
00-0040676,Cam Ward,QB,Titans,2025,4.0,2029.0,12209901.0,48839604.0,48839604.0,1.0,1.0,1.0,2025.0,13.171999
00-0040691,Jaxson Dart,QB,Giants,2025,4.0,2029.0,4244486.0,16977942.0,16977942.0,1.0,1.0,25.0,2025.0,4.578937
00-0040692,Jarquez Hunter,RB,Rams,2025,4.0,2029.0,1299695.0,5198780.0,998784.0,0.19211892020820268,4.0,117.0,2025.0,1.402106
00-0040704,Dillon Gabriel,QB,Browns,2025,4.0,2029.0,1556581.0,6226322.0,1168232.0,0.18762794471599767,3.0,94.0,2025.0,1.679234
00-0040705,Chimere Dike,WR,Titans,2025,4.0,2029.0,1350238.0,5400952.0,1100952.0,0.20384406304666286,4.0,103.0,2025.0,1.456632
00-0040715,Cam Skattebo,RB,Giants,2025,4.0,2029.0,1318260.0,5273040.0,1073040.0,0.20349551681762323,4.0,105.0,2025.0,1.422134
00-0040718,Travis Hunter,WR,Jaguars,2025,4.0,2029.0,11662278.0,46649112.0,46649112.0,1.0,1.0,2.0,2025.0,12.581225
00-0040719,Bhayshul Tuten,RB,Jaguars,2025,4.0,2029.0,1329063.0,5316250.0,1076520.0,0.20249612038561013,4.0,104.0,2025.0,1.433789
00-0040727,Tre Harris,WR,Chargers,2025,4.0,2029.0,1954423.0,7817692.0,5578241.0,0.7135406460116361,2.0,55.0,2025.0,2.108425
00-0040729,Jack Bech,WR,Raiders,2025,4.0,2029.0,1889706.0,7558822.0,5077207.0,0.671692890770546,2.0,58.0,2025.0,2.038608
00-0040730,R.J. Harvey,RB,Broncos,2025,4.0,2029.0,1839919.0,7359674.0,4727294.0,0.6423238311914359,2.0,60.0,2025.0,1.984898
00-0040734,TreVeyon Henderson,RB,Patriots,2025,4.0,2029.0,2785815.0,11143260.0,11143260.0,1.0,2.0,38.0,2025.0,3.005328
00-0040735,Luther Burden,WR,Bears,2025,4.0,2029.0,2741009.0,10964034.0,10964034.0,1.0,2.0,39.0,2025.0,2.956991
00-0040736,Mason Taylor,TE,Jets,2025,4.0,2029.0,2616548.0,10466192.0,9559309.0,0.913351197837762,2.0,42.0,2025.0,2.822723
00-0040737,Terrance Ferguson,TE,Rams,2025,4.0,2029.0,2428367.0,9713466.0,8046753.000000001,0.8284121239524594,2.0,46.0,2025.0,2.619714
00-0040739,Elijah Arroyo,TE,Seahawks,2025,4.0,2029.0,2203343.0,8813372.0,6872548.0,0.7797864426918552,2.0,50.0,2025.0,2.376959
00-0040743,Tyler Shough,QB,Saints,2025,4.0,2029.0,2701182.0,10804728.0,10804728.0,1.0,2.0,40.0,2025.0,2.914026
00-0040782,Isaiah Bond,WR,Browns,2025,3.0,2028.0,1006000.0,3018000.0,3018000.0,1.0,,,2025.0,1.085269
00-0040784,Quinshon Judkins,RB,Browns,2025,4.0,2029.0,2850529.0,11402116.0,11402116.0,1.0,2.0,36.0,2025.0,3.075141
